tier,signal,signal_count,g300_id,g300_name,g300_website,g300_created,g300_child_offices,g300_contacts,g300_opportunities,candidate_id,candidate_name,candidate_website,candidate_created,candidate_created_by,candidate_is_older,candidate_child_offices,candidate_contacts,candidate_opportunities
1,"alias_exact, name_short_form",2,001Px00000VvfTpIAJ,Allen Overy Shearman Sterling LLP,www.aoshearman.com,2021-01-20T19:17:41.000+0000,57,6867,3528,001Px00000j5Bs7IAE,Allen & Overy LLP,,2026-08-20T18:15:15.000+0000,Kieran Hansen,N,1,1,12
1,alias_exact,1,001Px00000VvfTpIAJ,Allen Overy Shearman Sterling LLP,www.aoshearman.com,2021-01-20T19:17:41.000+0000,57,6867,3528,001Px00000j5MtYIAU,Shearman Sterling,,2026-08-20T18:20:17.000+0000,Kieran Hansen,N,1,1,5
1,name_exact,1,001Px00000VvXqOIAV,Alston & Bird LLP,www.alston.com,2021-01-20T19:18:07.000+0000,21,1512,789,001Px00000j5NuwIAE,Alston Bird,,2026-08-20T18:15:15.000+0000,Kieran Hansen,N,1,1,25
1,name_exact,1,001Px00000Vve0tIAB,ArentFox Schiff LLP,www.afslaw.com,2021-01-20T19:20:30.000+0000,15,1230,582,001Px00000heaAUIAY,ArentFox Schiff,,2026-07-25T18:08:21.000+0000,Kieran Hansen,N,3,3,2
1,name_exact,1,0016g00001ANqfwAAD,Ballard Spahr LLP,www.ballardspahr.com,2021-01-20T19:23:35.000+0000,32,761,538,001Px00000hlb4QIAQ,BALLARD SPAHR LLP,,2025-12-18T15:37:15.000+0000,Scott Lewis,N,1,1,0
1,name_exact,1,0016g00001ANqfwAAD,Ballard Spahr LLP,www.ballardspahr.com,2021-01-20T19:23:35.000+0000,32,761,538,001Px00000heW9jIAE,Ballard Spahr,,2026-07-25T18:08:30.000+0000,Kieran Hansen,N,1,1,0
1,name_exact,1,0016g00001ANqfwAAD,Ballard Spahr LLP,www.ballardspahr.com,2021-01-20T19:23:35.000+0000,32,761,538,001Px00000heW9kIAE,Ballard Spahr LLP,,2026-07-25T18:08:30.000+0000,Kieran Hansen,N,1,2,2
1,name_exact,1,0016g00001ANsRWAA1,Blank Rome LLP,www.blankrome.com,2021-01-20T19:26:52.000+0000,20,636,400,001Px00000hlfWxIAI,Blank Rome,,2026-06-16T15:17:40.000+0000,Kieran Hansen,N,1,2,0
1,alias_exact,1,0016g00001ANtcKAAT,Bryan Cave Leighton Paisner LLP,www.bclplaw.com,2021-01-20T19:29:08.000+0000,46,2542,921,001Px00000VwXFjIAN,"Berwin, Leighton, Paisner, LLP",,2025-11-13T12:17:04.000+0000,Kieran Hansen,N,1,8,1
1,"alias_exact, name_short_form",2,0016g00001ANtcKAAT,Bryan Cave Leighton Paisner LLP,www.bclplaw.com,2021-01-20T19:29:08.000+0000,46,2542,921,001Px00000jNSCNIA4,Bryan Cave,www.bryancave.com,2026-08-26T15:41:48.000+0000,Kieran Hansen,N,1,0,0
1,name_exact,1,0016g00001ANx1bAAD,CMS Legal,www.cms.law,2021-01-20T19:31:35.000+0000,106,6828,3358,001Px00000heZGcIAM,CMS,,2026-07-25T18:09:21.000+0000,Kieran Hansen,N,1,1,0
1,name_exact,1,0016g00001ANx1bAAD,CMS Legal,www.cms.law,2021-01-20T19:31:35.000+0000,106,6828,3358,001Px00000heZgvIAE,CMS,,2026-07-25T18:08:12.000+0000,Kieran Hansen,N,1,2,0
1,name_exact,1,001Px00000VvXxxIAF,"Cadwalader, Wickersham & Taft LLP",www.cadwalader.com,2021-01-20T19:30:27.000+0000,6,817,540,001Px00000heZHGIA2,"Cadwalader, Wickersham & Taft LLP",,2026-07-25T18:09:21.000+0000,Kieran Hansen,N,1,1,0
1,name_exact,1,0016g00001ANuIZAA1,Cahill Gordon & Reindel LLP,www.cahill.com,2021-01-20T19:30:27.000+0000,5,234,201,001Px00000heRXfIAM,Cahill Gordon & Reindel LLP,,2026-07-25T18:08:52.000+0000,Kieran Hansen,N,1,2,0
1,name_exact,1,001Px00000VvqQAIAZ,Chapman and Cutler LLP,www.chapman.com,2021-01-20T19:33:24.000+0000,6,99,121,001Px00000j5O4CIAU,Chapman Cutler,,2026-08-20T18:15:37.000+0000,Kieran Hansen,N,1,0,0
1,name_exact,1,001Px00000VvqQAIAZ,Chapman and Cutler LLP,www.chapman.com,2021-01-20T19:33:24.000+0000,6,99,121,001Px00000jAKopIAG,Chapman Cutler,,2026-08-22T10:39:40.000+0000,Kieran Hansen,N,1,1,18
1,"name_exact, website_domain_match",2,0016g00001ANvsjAAD,Charles Russell Speechlys,www.charlesrussellspeechlys.com,2021-01-20T19:33:29.000+0000,14,1185,599,001Px00000j6CfkIAE,Charles Russell Speechlys LLP,www.charlesrussellspeechlys.com,2026-08-21T02:45:32.000+0000,Sneha Mekala,N,1,1,1
1,name_exact,1,001Px00000VwSDBIA3,Chiesa Shahinian & Giantomasi PC,www.csglaw.com,2021-01-20T19:33:54.000+0000,4,124,274,001Px00000j5NGXIA2,Chiesa Shahinian & Giantomasi Pc,,2026-08-20T18:19:07.000+0000,Kieran Hansen,N,1,2,20
1,name_exact,1,001Px00000Vvo8DIAR,Clark Hill PLC,www.clarkhill.com,2021-01-20T19:35:08.000+0000,34,925,215,001Px00000cAaxFIAS,Clark Hill PLC,,2026-01-23T16:59:35.000+0000,Kieran Hansen,N,1,3,5
1,name_exact,1,001Px00000VvvMKIAZ,Clifford Chance LLP,www.cliffordchance.com,2021-01-20T19:35:25.000+0000,43,3313,3672,001Px00000heZGFIA2,Clifford Chance,,2026-07-25T18:09:21.000+0000,Kieran Hansen,N,1,4,0
1,name_exact,1,0016g00001ANrupAAD,Clyde & Co LLP,www.clydeco.com,2021-01-20T19:25:53.000+0000,77,3458,1393,0014L00000k4rAHQAY,Clyde Co Inc,www.clydeinc.com,2023-05-23T17:15:08.000+0000,Kieran Hansen,N,1,0,0
1,name_exact,1,001Px00000VvpdsIAB,Cole Schotz P.C.,www.coleschotz.com,2021-01-20T19:36:02.000+0000,9,135,186,001Px00000j5KYFIA2,Cole Schotz Pc,,2026-08-20T18:15:42.000+0000,Kieran Hansen,N,1,1,9
1,name_exact,1,001Px00000Vvg80IAB,Cooley LLP,www.cooley.com,2021-01-20T19:37:27.000+0000,29,2432,874,001Px00000Xs1V6IAJ,Cooley Law Firm,www.jclaw.org,2025-12-22T11:03:08.000+0000,Kieran Hansen,N,1,1,2
1,name_exact,1,001Px00000VvMI4IAN,Covington & Burling LLP,www.cov.com,2021-01-20T19:38:09.000+0000,16,2143,1388,001Px00000heTydIAE,Covington & Burling,,2026-07-25T18:09:30.000+0000,Kieran Hansen,N,1,1,0
1,name_exact,1,0016g00001ANyMkAAL,Cozen O'Connor,www.cozen.com,2021-01-20T19:38:15.000+0000,40,1156,2809,001Px00000ihTpiIAE,Cozen O'Connor,,2026-06-25T15:33:04.000+0000,Kieran Hansen,N,1,1,0
1,name_exact,1,001Px00000VvVJ5IAN,DLA Piper,www.dlapiper.com,2021-01-20T19:42:32.000+0000,135,9185,3428,001Px00000heQ0DIAU,DLA Piper,,2026-07-25T18:13:47.000+0000,Kieran Hansen,N,1,6,0
1,name_exact,1,001Px00000VvVJ5IAN,DLA Piper,www.dlapiper.com,2021-01-20T19:42:32.000+0000,135,9185,3428,001Px00000hecKeIAI,DLA Piper,,2026-07-25T18:14:30.000+0000,Kieran Hansen,N,1,1,0
1,name_exact,1,0016g00001ANzSKAA1,Davis Polk & Wardwell LLP,www.davispolk.com,2021-01-20T19:40:24.000+0000,15,1312,1331,001Px00000j5ODlIAM,Davis Polk Wardwell,,2026-08-20T18:15:52.000+0000,Kieran Hansen,N,1,1,15
1,name_exact,1,0016g00001ANzenAAD,Debevoise & Plimpton LLP,www.debevoise.com,2021-01-20T19:40:50.000+0000,13,1458,1938,001Px00000heaXwIAI,Debevoise & Plimpton,,2026-07-25T18:09:38.000+0000,Kieran Hansen,N,1,2,0
1,name_exact,1,0016g00001ANzenAAD,Debevoise & Plimpton LLP,www.debevoise.com,2021-01-20T19:40:50.000+0000,13,1458,1938,001Px00000heW9zIAE,Debevoise & Plimpton LLP,,2026-07-25T18:08:30.000+0000,Kieran Hansen,N,1,3,0
1,name_exact,1,0016g00001ANzenAAD,Debevoise & Plimpton LLP,www.debevoise.com,2021-01-20T19:40:50.000+0000,13,1458,1938,001Px00000heaUFIAY,Debevoise & Plimpton LLP,,2026-07-25T18:09:28.000+0000,Kieran Hansen,N,1,4,1
1,name_exact,1,001Px00000VvNUeIAN,Dechert LLP,www.dechert.com,2021-01-20T19:40:56.000+0000,29,1819,2499,001Px00000j5O9LIAU,Dechert,,2026-08-20T18:15:47.000+0000,Kieran Hansen,N,1,1,10
1,name_exact,1,001Px00000VvNUeIAN,Dechert LLP,www.dechert.com,2021-01-20T19:40:56.000+0000,29,1819,2499,001Px00000j5O9MIAU,Dechert,,2026-08-20T18:15:47.000+0000,Kieran Hansen,N,1,0,0
1,name_exact,1,001Px00000VvNUeIAN,Dechert LLP,www.dechert.com,2021-01-20T19:40:56.000+0000,29,1819,2499,001Px00000jAKp4IAG,Dechert,,2026-08-22T10:39:40.000+0000,Kieran Hansen,N,1,1,4
1,name_exact,1,001Px00000VxMoFIAV,Dinsmore & Shohl LLP,www.dinsmore.com,2021-01-20T19:42:14.000+0000,26,460,128,001Px00000heaadIAA,Dinsmore & Shohl LLP,,2026-07-25T18:09:45.000+0000,Kieran Hansen,N,1,2,16
1,name_exact,1,001Px00000VvbOnIAJ,Dorsey & Whitney LLP,www.dorsey.com,2021-01-20T19:42:55.000+0000,22,543,489,001Px00000j5ODZIA2,Dorsey Whitney,,2026-08-20T18:15:52.000+0000,Kieran Hansen,N,1,1,23
1,name_exact,1,0016g00001AO159AAD,Duane Morris LLP,www.duanemorris.com,2021-01-20T19:43:38.000+0000,34,1360,772,001Px00000heWGcIAM,Duane Morris,,2026-07-25T18:09:48.000+0000,Kieran Hansen,N,1,1,1
1,name_exact,1,001Px00000VvbwmIAB,Eversheds Sutherland,www.eversheds-sutherland.com,2021-01-20T19:47:46.000+0000,84,5128,1539,001Px00000heWRBIA2,Eversheds Sutherland,,2026-07-25T18:09:59.000+0000,Kieran Hansen,N,7,24,1
1,name_exact,1,001Px00000VvbwmIAB,Eversheds Sutherland,www.eversheds-sutherland.com,2021-01-20T19:47:46.000+0000,84,5128,1539,001Px00000j5H7EIAU,Eversheds Sutherland,,2026-08-20T18:15:57.000+0000,Kieran Hansen,N,1,1,1
1,alias_exact,1,001Px00000VvbwmIAB,Eversheds Sutherland,www.eversheds-sutherland.com,2021-01-20T19:47:46.000+0000,84,5128,1539,001Px00000VxOWyIAN,"Sutherland, Asbill & Brennan",,2025-11-13T14:28:48.000+0000,Kieran Hansen,N,2,33,11
1,within_g300:alias_exact,1,0016g00001AO6I7AAL,FBT Gibbons LLP,www.fbtgibbons.com,2021-01-20T19:51:40.000+0000,31,540,367,001Px00000j5PGuIAM,Frost Brown Todd,,2026-08-20T18:19:21.000+0000,Kieran Hansen,N,1,1,40
1,alias_exact,1,0016g00001AO496AAD,Fieldfisher LLP,www.fieldfisher.com,2021-01-20T19:49:24.000+0000,28,1454,876,001Px00000VxZRXIA3,Field Fisher Waterhouse,,2025-11-13T14:28:43.000+0000,Kieran Hansen,N,1,3,0
1,name_exact,1,0016g00001AO4yUAAT,Fox Rothschild LLP,www.foxrothschild.com,2021-01-20T19:51:04.000+0000,39,1403,1092,001Px00000j5GGQIA2,Fox Rothschild LLP,,2026-08-20T18:17:02.000+0000,Kieran Hansen,N,1,1,2
1,name_exact,1,0016g00001AO4yUAAT,Fox Rothschild LLP,www.foxrothschild.com,2021-01-20T19:51:04.000+0000,39,1403,1092,001Px00000j5HetIAE,Fox Rothschild LLP,,2026-08-20T18:16:02.000+0000,Kieran Hansen,N,1,0,0
1,name_exact,1,0016g00001AO4yUAAT,Fox Rothschild LLP,www.foxrothschild.com,2021-01-20T19:51:04.000+0000,39,1403,1092,001Px00000jAKpHIAW,Fox Rothschild LLP,,2026-08-22T10:39:40.000+0000,Kieran Hansen,N,1,1,34
1,name_exact,1,0016g00001AO5nxAAD,Gateley PLC,www.gateleyplc.com,2021-01-20T19:14:59.000+0000,35,361,127,001Px00000hebTZIAY,Gateley LLP,,2026-07-25T18:12:16.000+0000,Kieran Hansen,N,1,1,0
1,name_exact,1,0016g00001AO6J6AAL,"Gibson, Dunn & Crutcher LLP",www.gibsondunn.com,2021-01-20T19:53:36.000+0000,26,2512,2707,001Px00000j5OJkIAM,Gibson Dunn & Crutcher,,2026-08-20T18:16:25.000+0000,Kieran Hansen,N,1,1,1
1,name_exact,1,0016g00001AO6nnAAD,Goldberg Segalla LLP,www.goldbergsegalla.com,2021-01-20T19:54:41.000+0000,31,223,167,001Px00000j5OKJIA2,Goldberg Segalla LLP,,2026-08-20T18:16:25.000+0000,Kieran Hansen,N,1,1,1
1,name_exact,1,001Px00000VvNUnIAN,Goodwin Procter LLP,www.goodwinlaw.com,2021-01-20T19:54:52.000+0000,26,2529,863,001Px00000j5OKTIA2,Goodwin Procter,,2026-08-20T18:16:25.000+0000,Kieran Hansen,N,1,1,1
1,name_exact,1,001Px00000VvNUnIAN,Goodwin Procter LLP,www.goodwinlaw.com,2021-01-20T19:54:52.000+0000,26,2529,863,001Px00000heahOIAQ,Goodwin Procter LLP,,2026-07-25T18:10:33.000+0000,Kieran Hansen,N,1,1,1
1,name_exact,1,001Px00000Vva9jIAB,"Gordon Rees Scully Mansukhani, LLP",www.grsm.com,2021-01-20T19:54:58.000+0000,50,327,260,001Px00000igwkgIAA,GORDON & REES SCULLY MANSUKHANI,,2026-03-26T17:04:17.000+0000,Scott Lewis,N,1,1,0
1,name_exact,1,0016g00001AO73fAAD,Gowling WLG,www.gowlingwlg.com,2021-01-20T19:55:04.000+0000,22,2491,1124,001Px00000heRXZIA2,Gowling WLG,,2026-07-25T18:08:52.000+0000,Kieran Hansen,N,1,2,1
1,name_exact,1,0016g00001AO73fAAD,Gowling WLG,www.gowlingwlg.com,2021-01-20T19:55:04.000+0000,22,2491,1124,001Px00000heY1TIAU,Gowling WLG,,2026-07-25T18:14:27.000+0000,Kieran Hansen,N,2,10,3
1,name_exact,1,0016g00001AO73fAAD,Gowling WLG,www.gowlingwlg.com,2021-01-20T19:55:04.000+0000,22,2491,1124,001Px00000heZgVIAU,Gowling WLG,,2026-07-25T18:08:12.000+0000,Kieran Hansen,N,3,6,1
1,name_exact,1,0016g00001AO7LfAAL,Greenspoon Marder LLP,www.gmlaw.com,2021-01-20T19:55:41.000+0000,16,105,58,001Px00000heaIrIAI,"Greenspoon Marder, LLP.",,2026-07-25T18:08:44.000+0000,Kieran Hansen,N,1,2,4
1,name_exact,1,0016g00001AO8xPAAT,"Herrick, Feinstein LLP",www.herrick.com,2021-01-20T19:58:45.000+0000,5,96,122,001Px00000j52deIAA,Herrick Feinstein,,2026-08-20T18:19:26.000+0000,Kieran Hansen,N,1,1,9
1,name_exact,1,001Px00000VvTdpIAF,"Hinckley, Allen & Snyder LLP",www.hinckleyallen.com,2021-01-20T19:59:14.000+0000,11,110,77,001Px00000j52diIAA,Hinckley Allen & Snyder LLP,,2026-08-20T18:19:26.000+0000,Kieran Hansen,N,1,1,6
1,name_exact,1,0016g00001AO9DmAAL,Hinshaw & Culbertson LLP,www.hinshawlaw.com,2021-01-20T19:59:14.000+0000,18,229,103,001Px00000heatBIAQ,Hinshaw & Culbertson,,2026-07-25T18:10:45.000+0000,Kieran Hansen,N,1,1,0
1,alias_exact,1,001Px00000VvlIsIAJ,Hogan Lovells,www.hoganlovells.com,2021-01-20T19:59:34.000+0000,60,5311,3611,001Px00000VwjjgIAB,Hogan Hartson LLP,,2025-11-13T12:07:29.000+0000,Kieran Hansen,N,1,13,18
1,name_exact,1,001Px00000VvPqZIAV,Holland & Knight LLP,www.hklaw.com,2021-01-20T19:59:41.000+0000,50,2708,1172,001Px00000heOl1IAE,Holland & Knight,,2026-07-25T18:12:46.000+0000,Kieran Hansen,N,1,1,1
1,alias_exact,1,001Px00000VvNViIAN,Hunton Andrews Kurth LLP,www.hunton.com,2021-01-20T20:00:57.000+0000,34,1328,801,001Px00000j52e4IAA,Hunton & Williams LLP,,2026-08-20T18:19:26.000+0000,Kieran Hansen,N,1,1,6
1,name_exact,1,0016g00001AOCN8AAP,Jackson Lewis P.C,www.jacksonlewis.com,2021-01-20T20:05:58.000+0000,56,821,217,001Px00000heawsIAA,Jackson Lewis,,2026-07-25T18:10:59.000+0000,Kieran Hansen,N,1,1,0
1,name_exact,1,0016g00001AODljAAH,Katten Muchin Rosenman LLP,www.katten.com,2021-01-20T20:08:41.000+0000,12,1013,954,001Px00000hebA9IAI,Katten Muchin Rosenman,,2026-07-25T18:11:30.000+0000,Kieran Hansen,N,1,1,0
1,"alias_extends, name_exact",2,0016g00001AODvqAAH,Kelley Drye & Warren LLP,www.kelleydrye.com,2021-01-20T20:08:59.000+0000,10,419,335,001Px00000j5LhsIAE,Kelley Drye & Warren LLP,,2026-08-20T18:16:50.000+0000,Kieran Hansen,N,2,2,7
1,name_exact,1,001Px00000VvidmIAB,King & Spalding LLP,www.kslaw.com,2021-01-20T20:09:44.000+0000,30,2159,1435,001Px00000hebBBIAY,King & Spalding,,2026-07-25T18:11:30.000+0000,Kieran Hansen,N,1,1,0
1,name_exact,1,001Px00000VvidmIAB,King & Spalding LLP,www.kslaw.com,2021-01-20T20:09:44.000+0000,30,2159,1435,001Px00000j5LjLIAU,King Spalding,,2026-08-20T18:16:50.000+0000,Kieran Hansen,N,1,0,0
1,name_exact,1,001Px00000VvidmIAB,King & Spalding LLP,www.kslaw.com,2021-01-20T20:09:44.000+0000,30,2159,1435,001Px00000jAKptIAG,King Spalding,,2026-08-22T10:39:40.000+0000,Kieran Hansen,N,1,1,4
1,name_exact,1,001Px00000VvjRBIAZ,Kirkland & Ellis LLP,www.kirkland.com,2021-01-20T20:09:57.000+0000,29,4397,2347,001Px00000hebAzIAI,Kirkland & Ellis,,2026-07-25T18:11:30.000+0000,Kieran Hansen,N,1,1,1
1,name_exact,1,001Px00000VvjRBIAZ,Kirkland & Ellis LLP,www.kirkland.com,2021-01-20T20:09:57.000+0000,29,4397,2347,001Px00000j5HgpIAE,Kirkland And Ellis LLP,,2026-08-20T18:19:32.000+0000,Kieran Hansen,N,1,1,40
1,name_exact,1,0016g00001AOEa4AAH,Kobre & Kim L.L.P.,www.kobrekim.com,2021-01-20T20:10:22.000+0000,17,478,431,001Px00000hebBKIAY,Kobre & Kim LLP,,2026-07-25T18:11:30.000+0000,Kieran Hansen,N,1,0,0
1,name_exact,1,001Px00000VvZXGIA3,Kutak Rock LLP,www.kutakrock.com,2021-01-20T20:11:11.000+0000,21,145,157,001Px00000j5Hh6IAE,Kutak Rock,,2026-08-20T18:19:32.000+0000,Kieran Hansen,N,1,1,1
1,name_exact,1,0016g00001AOFbBAAX,Latham & Watkins LLP,www.lw.com,2021-01-20T20:12:12.000+0000,39,4770,2291,001Px00000heWGgIAM,Latham & Watkins LLP,,2026-07-25T18:09:48.000+0000,Kieran Hansen,N,1,1,0
1,name_exact,1,0016g00001AOFbBAAX,Latham & Watkins LLP,www.lw.com,2021-01-20T20:12:12.000+0000,39,4770,2291,001Px00000j5OsmIAE,Latham Watkins,,2026-08-20T18:18:00.000+0000,Kieran Hansen,N,1,0,0
1,name_exact,1,0016g00001AOFbBAAX,Latham & Watkins LLP,www.lw.com,2021-01-20T20:12:12.000+0000,39,4770,2291,001Px00000jAGHSIA4,Latham Watkins,,2026-08-22T10:39:45.000+0000,Kieran Hansen,N,1,1,16
1,name_exact,1,001Px00000Vvs5iIAB,Linklaters LLP,www.linklaters.com,2021-01-20T20:15:29.000+0000,41,4656,2305,001Px00000heQUpIAM,Linklaters LLP,,2026-07-25T18:12:59.000+0000,Kieran Hansen,N,1,1,0
1,name_exact,1,0016g00001AOI7oAAH,Macfarlanes LLP,www.macfarlanes.com,2021-01-20T20:17:13.000+0000,3,525,390,001Px00000heW8NIAU,Macfarlanes LLP,,2026-07-25T18:08:21.000+0000,Kieran Hansen,N,1,2,0
1,name_exact,1,001Px00000VwMiWIAV,Mayer Brown LLP,www.mayerbrown.com,2021-01-20T20:19:33.000+0000,42,3165,3427,001Px00000j5JwJIAU,Mayer Brown,,2026-08-20T18:20:01.000+0000,Kieran Hansen,N,1,1,40
1,alias_exact,1,001Px00000Vvm5wIAB,McDermott Will & Schulte LLP,www.mwe.com,2021-01-20T20:19:52.000+0000,39,2473,1395,001Px00000heZNtIAM,McDermott Will & Emery,,2026-07-25T18:10:37.000+0000,Kieran Hansen,N,1,1,0
1,alias_exact,1,001Px00000Vvm5wIAB,McDermott Will & Schulte LLP,www.mwe.com,2021-01-20T20:19:52.000+0000,39,2473,1395,001Px00000j5Mt6IAE,Schulte Roth Zabel,,2026-08-20T18:20:17.000+0000,Kieran Hansen,N,1,1,3
1,alias_exact,1,001Px00000Vvm5wIAB,McDermott Will & Schulte LLP,www.mwe.com,2021-01-20T20:19:52.000+0000,39,2473,1395,001Px00000j5Mt7IAE,Schulte Roth Zabel,,2026-08-20T18:20:17.000+0000,Kieran Hansen,N,1,1,3
1,alias_exact,1,001Px00000Vvm5wIAB,McDermott Will & Schulte LLP,www.mwe.com,2021-01-20T20:19:52.000+0000,39,2473,1395,001Px00000j5Mt8IAE,Schulte Roth Zabel,,2026-08-20T18:20:17.000+0000,Kieran Hansen,N,1,1,3
1,alias_exact,1,001Px00000Vvm5wIAB,McDermott Will & Schulte LLP,www.mwe.com,2021-01-20T20:19:52.000+0000,39,2473,1395,001Px00000j5Mt9IAE,Schulte Roth Zabel,,2026-08-20T18:20:17.000+0000,Kieran Hansen,N,1,1,3
1,alias_exact,1,001Px00000Vvm5wIAB,McDermott Will & Schulte LLP,www.mwe.com,2021-01-20T20:19:52.000+0000,39,2473,1395,001Px00000j5MtAIAU,Schulte Roth Zabel,,2026-08-20T18:20:17.000+0000,Kieran Hansen,N,1,1,3
1,alias_exact,1,001Px00000Vvm5wIAB,McDermott Will & Schulte LLP,www.mwe.com,2021-01-20T20:19:52.000+0000,39,2473,1395,001Px00000j5MtBIAU,Schulte Roth Zabel,,2026-08-20T18:20:17.000+0000,Kieran Hansen,N,1,1,3
1,name_exact,1,001Px00000VvMHBIA3,McGuireWoods LLP,www.mcguirewoods.com,2021-01-20T20:19:58.000+0000,35,1536,683,001Px00000hloSjIAI,McGuire Woods,,2026-06-18T14:28:34.000+0000,Ron Dinkins,N,1,1,3
1,name_exact,1,001Px00000VvMHBIA3,McGuireWoods LLP,www.mcguirewoods.com,2021-01-20T20:19:58.000+0000,35,1536,683,001Px00000hebUBIAY,McGuireWoods,,2026-07-25T18:12:16.000+0000,Kieran Hansen,N,1,2,8
1,name_exact,1,001Px00000VvMHBIA3,McGuireWoods LLP,www.mcguirewoods.com,2021-01-20T20:19:58.000+0000,35,1536,683,001Px00000hebVcIAI,McGuireWoods LLP,,2026-07-25T18:12:23.000+0000,Kieran Hansen,N,1,1,0
1,name_exact,1,001Px00000VvMHBIA3,McGuireWoods LLP,www.mcguirewoods.com,2021-01-20T20:19:58.000+0000,35,1536,683,001Px00000heYNZIA2,"McGuireWoods, LLP",,2026-07-25T18:12:02.000+0000,Kieran Hansen,N,1,1,0
1,name_exact,1,0016g00001AOKKlAAP,Michael Best & Friedrich LLP,www.michaelbest.com,2021-01-20T20:21:32.000+0000,14,238,115,001Px00000ihUHZIA2,Michael Best & Friedrich LLP,,2026-03-04T16:10:42.000+0000,Kieran Hansen,N,1,1,0
1,name_exact,1,0016g00001AOKWxAAP,Milbank LLP,www.milbank.com,2021-01-20T20:22:00.000+0000,15,903,875,001Px00000hebQBIAY,Milbank,,2026-07-25T18:12:09.000+0000,Kieran Hansen,N,1,1,1
1,name_exact,1,0016g00001AOLbIAAX,"Morgan, Lewis & Bockius LLP",www.morganlewis.com,2021-01-20T20:24:02.000+0000,40,3786,1961,001Px00000j5OatIAE,Morgan Lewis & Bockius,,2026-08-20T18:17:12.000+0000,Kieran Hansen,N,1,1,2
1,name_exact,1,0016g00001AOLbIAAX,"Morgan, Lewis & Bockius LLP",www.morganlewis.com,2021-01-20T20:24:02.000+0000,40,3786,1961,001Px00000j4Y2rIAE,"Morgan, Lewis & Bockius LLP",,2026-08-20T14:54:08.000+0000,Sneha Mekala,N,1,1,1
1,name_exact,1,0016g00001AOM5kAAH,"Munger, Tolles & Olson LLP",www.mto.com,2021-01-20T20:25:02.000+0000,5,132,147,001Px00000i0i30IAA,"Munger, Tolles & Olson LLP",,2026-07-31T13:32:11.000+0000,Sindushree Chinnagundanahalli Seetharam,N,1,1,1
1,name_exact,1,0016g00001ANtRdAAL,Nelson Mullins Riley & Scarborough LLP,www.nelsonmullins.com,2021-01-20T19:28:50.000+0000,38,1230,495,001Px00000hebVdIAI,Nelson Mullins Riley & Scarborough,,2026-07-25T18:12:23.000+0000,Kieran Hansen,N,1,1,0
1,alias_exact,1,001Px00000VvZUUIA3,Norton Rose Fulbright,www.nortonrosefulbright.com,2021-01-20T20:28:44.000+0000,75,6285,3197,001Px00000Vy8iQIAR,Fulbright & Jaworski,,2025-11-13T16:01:26.000+0000,Kieran Hansen,N,2,42,14
1,alias_exact,1,001Px00000VvZUUIA3,Norton Rose Fulbright,www.nortonrosefulbright.com,2021-01-20T20:28:44.000+0000,75,6285,3197,001Px00000j5PGvIAM,Fulbright Jaworski,,2026-08-20T18:19:21.000+0000,Kieran Hansen,N,1,1,35
1,alias_exact,1,001Px00000VvZUUIA3,Norton Rose Fulbright,www.nortonrosefulbright.com,2021-01-20T20:28:44.000+0000,75,6285,3197,001Px00000j5PGwIAM,Fulbright Jaworski,,2026-08-20T18:19:21.000+0000,Kieran Hansen,N,1,1,30
1,alias_exact,1,001Px00000VvZUUIA3,Norton Rose Fulbright,www.nortonrosefulbright.com,2021-01-20T20:28:44.000+0000,75,6285,3197,001Px00000j5PGxIAM,Fulbright Jaworski,,2026-08-20T18:19:21.000+0000,Kieran Hansen,N,1,1,35
1,name_exact,1,001Px00000VvZUUIA3,Norton Rose Fulbright,www.nortonrosefulbright.com,2021-01-20T20:28:44.000+0000,75,6285,3197,001Px00000heXDiIAM,Norton Rose Fulbright,,2026-07-25T18:12:42.000+0000,Kieran Hansen,N,1,2,0
1,name_exact,1,001Px00000VviUAIAZ,"Offit Kurman, P.A.",www.offitkurman.com,2021-01-20T20:29:55.000+0000,23,354,75,001Px00000igwkCIAQ,Offit Kurman,,2026-03-26T17:39:37.000+0000,Scott Lewis,N,1,2,4
1,name_exact,1,001Px00000VvxRZIAZ,Paul Hastings LLP,www.paulhastings.com,2021-01-20T20:09:18.000+0000,29,1960,1006,001Px00000heahMIAQ,Paul Hastings LLP,,2026-07-25T18:10:33.000+0000,Kieran Hansen,N,1,2,0
1,name_exact,1,001Px00000VvxRZIAZ,Paul Hastings LLP,www.paulhastings.com,2021-01-20T20:09:18.000+0000,29,1960,1006,001Px00000hebd3IAA,Paul Hastings LLP,,2026-07-25T18:12:56.000+0000,Kieran Hansen,N,1,1,0
1,name_exact,1,001Px00000VvpWQIAZ,Perkins Coie LLP,www.perkinscoie.com,2021-01-20T20:33:56.000+0000,34,1914,927,001Px00000hebeEIAQ,Perkins Coie LLP,,2026-07-25T18:12:56.000+0000,Kieran Hansen,N,1,1,0
1,name_exact,1,001Px00000VvpWQIAZ,Perkins Coie LLP,www.perkinscoie.com,2021-01-20T20:33:56.000+0000,34,1914,927,001Px00000j5KN9IAM,Perkins Coie LLP,,2026-08-20T18:20:06.000+0000,Kieran Hansen,N,1,1,55
1,name_exact,1,001Px00000VvMGjIAN,Phelps Dunbar LLP,www.phelps.com,2021-01-20T20:34:27.000+0000,18,212,117,001Px00000j5KNOIA2,Phelps Dunbar,,2026-08-20T18:20:06.000+0000,Kieran Hansen,N,1,1,2
1,name_exact,1,001Px00000VvMGjIAN,Phelps Dunbar LLP,www.phelps.com,2021-01-20T20:34:27.000+0000,18,212,117,001Px00000j5KNPIA2,Phelps Dunbar LLP,,2026-08-20T18:20:06.000+0000,Kieran Hansen,N,1,1,2
1,name_exact,1,0016g00001AOQn7AAH,Pillsbury Winthrop Shaw Pittman LLP,www.pillsburylaw.com,2021-01-20T20:34:51.000+0000,20,965,1135,001Px00000heQV1IAM,Pillsbury Winthrop Shaw Pittman LLP,,2026-07-25T18:12:59.000+0000,Kieran Hansen,N,1,1,0
1,name_exact,1,0016g00001AOQqBAAX,Pinsent Masons LLP,www.pinsentmasons.com,2021-01-20T20:34:57.000+0000,28,2535,1176,001Px00000cAVQZIA4,Pinsent Masons,,2026-01-12T12:54:00.000+0000,Kieran Hansen,N,1,4,3
1,name_exact,1,001Px00000VvRLQIA3,Proskauer Rose LLP,www.proskauer.com,2021-01-20T20:36:59.000+0000,28,913,1278,001Px00000j5PSOIA2,Proskauer Rose,,2026-08-20T18:20:12.000+0000,Kieran Hansen,N,1,1,40
1,name_exact,1,001Px00000VvRLQIA3,Proskauer Rose LLP,www.proskauer.com,2021-01-20T20:36:59.000+0000,28,913,1278,001Px00000j5PSPIA2,Proskauer Rose,,2026-08-20T18:20:12.000+0000,Kieran Hansen,N,1,1,40
1,name_exact,1,001Px00000VvRLQIA3,Proskauer Rose LLP,www.proskauer.com,2021-01-20T20:36:59.000+0000,28,913,1278,001Px00000j5PSQIA2,Proskauer Rose,,2026-08-20T18:20:12.000+0000,Kieran Hansen,N,1,1,129
1,name_exact,1,001Px00000VvRLQIA3,Proskauer Rose LLP,www.proskauer.com,2021-01-20T20:36:59.000+0000,28,913,1278,001Px00000j5PSSIA2,Proskauer Rose LLP,,2026-08-20T18:20:12.000+0000,Kieran Hansen,N,1,0,0
1,name_exact,1,001Px00000VvRLQIA3,Proskauer Rose LLP,www.proskauer.com,2021-01-20T20:36:59.000+0000,28,913,1278,001Px00000jAIvAIAW,Proskauer Rose LLP,,2026-08-22T10:39:50.000+0000,Kieran Hansen,N,1,2,42
1,name_exact,1,001Px00000VvRLQIA3,Proskauer Rose LLP,www.proskauer.com,2021-01-20T20:36:59.000+0000,28,913,1278,001Px00000j5PSTIA2,"Proskauer Rose, LLP",,2026-08-20T18:20:12.000+0000,Kieran Hansen,N,1,1,2
1,name_exact,1,001Px00000VvjteIAB,Reed Smith LLP,www.reedsmith.com,2021-01-20T20:39:29.000+0000,42,3352,1674,001Px00000heahoIAA,Reed Smith,,2026-07-25T18:10:33.000+0000,Kieran Hansen,N,3,5,4
1,name_exact,1,001Px00000VvjteIAB,Reed Smith LLP,www.reedsmith.com,2021-01-20T20:39:29.000+0000,42,3352,1674,001Px00000hebq5IAA,Reed Smith,,2026-07-25T18:13:18.000+0000,Kieran Hansen,N,1,1,0
1,name_exact,1,001Px00000VvjteIAB,Reed Smith LLP,www.reedsmith.com,2021-01-20T20:39:29.000+0000,42,3352,1674,001Px00000j5PSrIAM,Reed Smith LLP,,2026-08-20T18:20:12.000+0000,Kieran Hansen,N,1,1,1
1,name_exact,1,0016g00001AOUBfAAP,Ropes & Gray LLP,www.ropesgray.com,2021-01-20T20:41:49.000+0000,19,2442,1119,001Px00000j5MsTIAU,Ropes & Gray,,2026-08-20T18:20:17.000+0000,Kieran Hansen,N,1,1,426
1,name_exact,1,0016g00001AOUBfAAP,Ropes & Gray LLP,www.ropesgray.com,2021-01-20T20:41:49.000+0000,19,2442,1119,001Px00000j5MsUIAU,Ropes Gray,,2026-08-20T18:20:17.000+0000,Kieran Hansen,N,1,1,40
1,name_exact,1,0016g00001AOVKNAA5,Saul Ewing LLP,www.saul.com,2021-01-20T20:44:04.000+0000,24,335,269,001Px00000j5MszIAE,Saul Ewing,,2026-08-20T18:20:17.000+0000,Kieran Hansen,N,1,1,2
1,name_exact,1,001Px00000Vvm5RIAR,Seyfarth Shaw LLP,www.seyfarth.com,2021-01-20T20:45:53.000+0000,31,1559,772,001Px00000j5MtTIAU,Seyfarth Shaw,,2026-08-20T18:20:17.000+0000,Kieran Hansen,N,1,1,40
1,name_exact,1,001Px00000Vvm5RIAR,Seyfarth Shaw LLP,www.seyfarth.com,2021-01-20T20:45:53.000+0000,31,1559,772,001Px00000j5MtUIAU,Seyfarth Shaw,,2026-08-20T18:20:17.000+0000,Kieran Hansen,N,1,1,40
1,name_exact,1,001Px00000Vvm5RIAR,Seyfarth Shaw LLP,www.seyfarth.com,2021-01-20T20:45:53.000+0000,31,1559,772,001Px00000j5MtVIAU,Seyfarth Shaw,,2026-08-20T18:20:17.000+0000,Kieran Hansen,N,1,1,40
1,name_exact,1,001Px00000VwYq6IAF,"Shook, Hardy & Bacon L.L.P",www.shb.com,2021-01-20T20:46:43.000+0000,20,411,314,001Px00000j5MteIAE,Shook Hardy & Bacon,,2026-08-20T18:20:17.000+0000,Kieran Hansen,N,1,1,7
1,name_exact,1,001Px00000VwYq6IAF,"Shook, Hardy & Bacon L.L.P",www.shb.com,2021-01-20T20:46:43.000+0000,20,411,314,001Px00000j5MtfIAE,Shook Hardy Bacon,,2026-08-20T18:20:17.000+0000,Kieran Hansen,N,1,1,5
1,name_exact,1,0016g00001AOWnaAAH,"Shumaker, Loop & Kendrick, LLP",www.shumaker.com,2021-01-20T20:46:43.000+0000,9,162,142,001Px00000ihO83IAE,"Shumaker, Loop & Kendrick, LLP",,2026-06-30T14:19:56.000+0000,Kieran Hansen,N,1,1,0
1,name_exact,1,0016g00001AOWqsAAH,Sidley Austin LLP,www.sidley.com,2021-01-20T20:46:48.000+0000,34,3540,1956,001Px00000j5MtkIAE,Sidley Austin,,2026-08-20T18:20:17.000+0000,Kieran Hansen,N,1,1,1
1,name_exact,1,0016g00001AOWqsAAH,Sidley Austin LLP,www.sidley.com,2021-01-20T20:46:48.000+0000,34,3540,1956,001Px00000j5MtlIAE,Sidley Austin,,2026-08-20T18:20:17.000+0000,Kieran Hansen,N,1,2,40
1,name_exact,1,0016g00001AOWqsAAH,Sidley Austin LLP,www.sidley.com,2021-01-20T20:46:48.000+0000,34,3540,1956,001Px00000j5MtmIAE,Sidley Austin,,2026-08-20T18:20:17.000+0000,Kieran Hansen,N,1,1,10
1,name_exact,1,0016g00001AOWqsAAH,Sidley Austin LLP,www.sidley.com,2021-01-20T20:46:48.000+0000,34,3540,1956,001Px00000j5MtnIAE,Sidley Austin,,2026-08-20T18:20:17.000+0000,Kieran Hansen,N,1,4,35
1,name_exact,1,0016g00001AOWqsAAH,Sidley Austin LLP,www.sidley.com,2021-01-20T20:46:48.000+0000,34,3540,1956,001Px00000j5MtoIAE,Sidley Austin,,2026-08-20T18:20:17.000+0000,Kieran Hansen,N,1,4,35
1,name_exact,1,0016g00001AOWqsAAH,Sidley Austin LLP,www.sidley.com,2021-01-20T20:46:48.000+0000,34,3540,1956,001Px00000j5MtpIAE,Sidley Austin,,2026-08-20T18:20:17.000+0000,Kieran Hansen,N,1,1,25
1,name_exact,1,0016g00001AOWqsAAH,Sidley Austin LLP,www.sidley.com,2021-01-20T20:46:48.000+0000,34,3540,1956,001Px00000j5MtqIAE,Sidley Austin,,2026-08-20T18:20:17.000+0000,Kieran Hansen,N,1,1,5
1,name_exact,1,001Px00000VvFZ9IAN,Simmons & Simmons LLP,www.simmons-simmons.com,2021-01-20T20:47:07.000+0000,27,2080,1038,001Px00000hec2xIAA,Simmons & Simmons LLP,,2026-07-25T18:13:54.000+0000,Kieran Hansen,N,1,3,1
1,name_exact,1,0016g00001AOXJmAAP,"Skadden, Arps, Slate, Meagher & Flom LLP",www.skadden.com,2021-01-20T20:47:38.000+0000,27,2933,3393,001Px00000j5MtwIAE,Skadden Arps Slate Meagher Flom,,2026-08-20T18:20:17.000+0000,Kieran Hansen,N,1,1,40
1,alias_exact,1,001Px00000VvZULIA3,Squire Patton Boggs,www.squirepattonboggs.com,2021-01-20T20:49:33.000+0000,63,2424,1161,0016g00001AOPtnAAH,Patton Boggs,www.pattonboggs.com,2021-01-20T20:33:04.000+0000,Kamyar Jannati,Y,1,6,1
1,alias_exact,1,001Px00000VvZULIA3,Squire Patton Boggs,www.squirepattonboggs.com,2021-01-20T20:49:33.000+0000,63,2424,1161,001Px00000VvojTIAR,Patton Boggs,,2025-11-13T10:08:50.000+0000,Kieran Hansen,N,1,20,0
1,name_exact,1,001Px00000VvZULIA3,Squire Patton Boggs,www.squirepattonboggs.com,2021-01-20T20:49:33.000+0000,63,2424,1161,001Px00000heTgoIAE,Squire Patton Boggs,,2026-07-25T18:13:58.000+0000,Kieran Hansen,N,1,1,1
1,name_exact,1,001Px00000VvZULIA3,Squire Patton Boggs,www.squirepattonboggs.com,2021-01-20T20:49:33.000+0000,63,2424,1161,001Px00000j5CJoIAM,Squire Patton Boggs,,2026-08-20T18:20:22.000+0000,Kieran Hansen,N,1,1,4
1,name_exact,1,001Px00000VvZULIA3,Squire Patton Boggs,www.squirepattonboggs.com,2021-01-20T20:49:33.000+0000,63,2424,1161,001Px00000j5CJpIAM,Squire Patton Boggs,,2026-08-20T18:20:22.000+0000,Kieran Hansen,N,1,1,16
1,name_exact,1,001Px00000VvZULIA3,Squire Patton Boggs,www.squirepattonboggs.com,2021-01-20T20:49:33.000+0000,63,2424,1161,001Px00000j5CJqIAM,Squire Patton Boggs,,2026-08-20T18:20:22.000+0000,Kieran Hansen,N,1,1,29
1,name_exact,1,001Px00000VvZULIA3,Squire Patton Boggs,www.squirepattonboggs.com,2021-01-20T20:49:33.000+0000,63,2424,1161,001Px00000j5CJrIAM,Squire Patton Boggs,,2026-08-20T18:20:22.000+0000,Kieran Hansen,N,1,1,20
1,name_exact,1,001Px00000VvZULIA3,Squire Patton Boggs,www.squirepattonboggs.com,2021-01-20T20:49:33.000+0000,63,2424,1161,001Px00000j5CJsIAM,Squire Patton Boggs,,2026-08-20T18:20:22.000+0000,Kieran Hansen,N,1,1,111
1,name_exact,1,001Px00000VvZULIA3,Squire Patton Boggs,www.squirepattonboggs.com,2021-01-20T20:49:33.000+0000,63,2424,1161,001Px00000j5NY6IAM,Squire Patton Boggs,,2026-08-20T18:18:04.000+0000,Kieran Hansen,N,1,0,0
1,name_exact,1,001Px00000VvZULIA3,Squire Patton Boggs,www.squirepattonboggs.com,2021-01-20T20:49:33.000+0000,63,2424,1161,001Px00000jAGHeIAO,Squire Patton Boggs,,2026-08-22T10:39:45.000+0000,Kieran Hansen,N,1,2,5
1,alias_exact,1,001Px00000VvZULIA3,Squire Patton Boggs,www.squirepattonboggs.com,2021-01-20T20:49:33.000+0000,63,2424,1161,001Px00000VvoO5IAJ,Squire Sanders,,2025-11-13T10:07:34.000+0000,Kieran Hansen,N,2,47,4
1,name_exact,1,0016g00001AOZ3vAAH,"Stevens & Lee, P.C.",www.stevenslee.com,2021-01-20T20:50:31.000+0000,11,143,244,001Px00000hec81IAA,Stevens & Lee,,2026-07-25T18:14:05.000+0000,Kieran Hansen,N,1,1,0
1,name_exact,1,0016g00001AOZ3vAAH,"Stevens & Lee, P.C.",www.stevenslee.com,2021-01-20T20:50:31.000+0000,11,143,244,001Px00000j53PyIAI,"Stevens & Lee, P.C.",,2026-08-20T15:55:30.000+0000,Sneha Mekala,N,1,1,0
1,name_exact,1,0016g00001AOZ77AAH,Stinson LLP,www.stinson.com,2021-01-20T20:50:36.000+0000,17,335,294,001Px00000cAQgiIAG,STINSON LEGAL,,2020-02-06T14:52:29.000+0000,Scott Lewis,Y,1,1,0
1,name_exact,1,0016g00001AOZgjAAH,Sullivan & Cromwell LLP,www.sullcrom.com,2021-01-20T20:51:37.000+0000,19,1256,2145,001Px00000hec8sIAA,Sullivan & Cromwell,,2026-07-25T18:14:05.000+0000,Kieran Hansen,N,1,1,0
1,name_exact,1,0016g00001AOZgjAAH,Sullivan & Cromwell LLP,www.sullcrom.com,2021-01-20T20:51:37.000+0000,19,1256,2145,001Px00000j5CKYIA2,Sullivan Cromwell,,2026-08-20T18:20:22.000+0000,Kieran Hansen,N,1,1,35
1,name_exact,1,0016g00001AOZgjAAH,Sullivan & Cromwell LLP,www.sullcrom.com,2021-01-20T20:51:37.000+0000,19,1256,2145,001Px00000j5CKZIA2,Sullivan Cromwell,,2026-08-20T18:20:22.000+0000,Kieran Hansen,N,1,1,24
1,name_exact,1,0016g00001AOZgjAAH,Sullivan & Cromwell LLP,www.sullcrom.com,2021-01-20T20:51:37.000+0000,19,1256,2145,001Px00000j5CKaIAM,Sullivan Cromwell,,2026-08-20T18:20:22.000+0000,Kieran Hansen,N,1,1,15
1,name_exact,1,001Px00000VyBosIAF,Susman Godfrey LLP,www.susmangodfrey.com,2021-01-20T20:52:07.000+0000,11,154,368,001Px00000heQhyIAE,Susman Godfrey,,2026-07-25T18:08:08.000+0000,Kieran Hansen,N,1,1,0
1,name_exact,1,001Px00000VyBosIAF,Susman Godfrey LLP,www.susmangodfrey.com,2021-01-20T20:52:07.000+0000,11,154,368,001Px00000hec99IAA,Susman Godfrey LLP,,2026-07-25T18:14:08.000+0000,Kieran Hansen,N,1,1,0
1,name_exact,1,001Px00000VyBosIAF,Susman Godfrey LLP,www.susmangodfrey.com,2021-01-20T20:52:07.000+0000,11,154,368,001Px00000hlfLwIAI,Susman Godfrey LLP,,2026-07-14T14:34:33.000+0000,Ron Dinkins,N,1,1,1
1,name_exact,1,001Px00000VvtXhIAJ,Taylor Wessing Verein,www.taylorwessing.com,2025-11-13T10:24:16.000+0000,18,832,346,001Px00000hSnBjIAK,Taylor Wessing Partnerschaftsgesellschaft mbB,,2026-05-26T12:47:57.000+0000,Kieran Hansen,N,1,1,0
1,name_exact,1,0016g00001AOcTZAA1,Thompson Hine LLP,www.thompsonhine.com,2021-01-20T20:56:50.000+0000,14,400,151,001Px00000j5NldIAE,Thompson Hine,,2026-08-20T18:20:43.000+0000,Kieran Hansen,N,1,1,6
1,name_exact,1,0016g00001AOcTZAA1,Thompson Hine LLP,www.thompsonhine.com,2021-01-20T20:56:50.000+0000,14,400,151,001Px00000hlfBuIAI,Thompson Hine LLP,,2025-10-29T16:43:58.000+0000,Jamaal Lewis,N,1,0,0
1,alias_exact,1,0016g00001AOdUoAAL,Troutman Pepper Locke LLP,www.troutman.com,2021-01-20T20:15:54.000+0000,68,2945,932,001Px00000j5GFoIAM,Locke Lord,,2026-08-20T18:17:02.000+0000,Kieran Hansen,N,1,1,4
1,alias_exact,1,0016g00001AOdUoAAL,Troutman Pepper Locke LLP,www.troutman.com,2021-01-20T20:15:54.000+0000,68,2945,932,001Px00000j5GFzIAM,Locke Lord LLP,,2026-08-20T18:17:02.000+0000,Kieran Hansen,N,1,0,0
1,alias_exact,1,0016g00001AOdUoAAL,Troutman Pepper Locke LLP,www.troutman.com,2021-01-20T20:15:54.000+0000,68,2945,932,001Px00000jAGGVIA4,Locke Lord LLP,,2026-08-22T10:39:45.000+0000,Kieran Hansen,N,1,1,24
1,alias_exact,1,0016g00001AOdUoAAL,Troutman Pepper Locke LLP,www.troutman.com,2021-01-20T20:15:54.000+0000,68,2945,932,001Px00000j5KN7IAM,Pepper Hamilton,,2026-08-20T18:20:06.000+0000,Kieran Hansen,N,1,1,4
1,alias_exact,1,0016g00001AOdUoAAL,Troutman Pepper Locke LLP,www.troutman.com,2021-01-20T20:15:54.000+0000,68,2945,932,001Px00000j5LBxIAM,Pepper Hamilton,,2026-08-20T18:17:44.000+0000,Kieran Hansen,N,1,1,8
1,name_exact,1,001Px00000VvZXMIA3,"Wachtell, Lipton, Rosen & Katz",www.wlrk.com,2021-01-20T21:03:30.000+0000,2,251,763,001Px00000j5PcaIAE,Wachtell Lipton Rosen Katz,,2026-08-20T18:20:48.000+0000,Kieran Hansen,N,1,1,25
1,name_exact,1,001Px00000VvZXMIA3,"Wachtell, Lipton, Rosen & Katz",www.wlrk.com,2021-01-20T21:03:30.000+0000,2,251,763,001Px00000j5PcbIAE,Wachtell Lipton Rosen Katz,,2026-08-20T18:20:48.000+0000,Kieran Hansen,N,1,1,25
1,name_exact,1,001Px00000Vvm4ZIAR,"Weil, Gotshal & Manges LLP",www.weil.com,2021-01-20T21:04:23.000+0000,23,2069,1265,001Px00000j5PcvIAE,Weil Gotshal & Manges LLP,,2026-08-20T18:20:48.000+0000,Kieran Hansen,N,1,1,6
1,name_exact,1,001Px00000Vvm4ZIAR,"Weil, Gotshal & Manges LLP",www.weil.com,2021-01-20T21:04:23.000+0000,23,2069,1265,001Px00000j5PcwIAE,Weil Gotshal Manges,,2026-08-20T18:20:48.000+0000,Kieran Hansen,N,1,1,3
1,name_exact,1,001Px00000VvL2BIAV,"Weinberg, Wheeler, Hudgins, Gunn & Dial, LLC",www.wwhgd.com,2021-01-20T21:04:23.000+0000,5,100,193,001Px00000heaQbIAI,Weinberg Wheeler Hudgins Gunn & Dial,,2026-07-25T18:09:18.000+0000,Kieran Hansen,N,1,1,0
1,name_exact,1,001Px00000VvL2BIAV,"Weinberg, Wheeler, Hudgins, Gunn & Dial, LLC",www.wwhgd.com,2021-01-20T21:04:23.000+0000,5,100,193,001Px00000hecV3IAI,Weinberg Wheeler Hudgins Gunn & Dial,,2026-07-25T18:15:04.000+0000,Kieran Hansen,N,1,1,0
1,name_exact,1,001Px00000VvmTxIAJ,White & Case LLP,www.whitecase.com,2021-01-20T21:04:56.000+0000,57,4964,4217,001Px00000heTgiIAE,White & Case,,2026-07-25T18:13:58.000+0000,Kieran Hansen,N,1,1,1
1,name_exact,1,001Px00000VvmTxIAJ,White & Case LLP,www.whitecase.com,2021-01-20T21:04:56.000+0000,57,4964,4217,001Px00000j5PdBIAU,White & Case LLP,,2026-08-20T18:20:48.000+0000,Kieran Hansen,N,1,1,2
1,name_exact,1,0016g00001AOgkyAAD,Wiley Rein LLP,www.wiley.law,2021-01-20T21:05:17.000+0000,7,253,205,001Px00000j5F6JIAU,Wiley Rein LLP,,2026-08-20T18:18:57.000+0000,Kieran Hansen,N,1,1,1
1,name_exact,1,001Px00000VxW0NIAV,Williams & Connolly LLP,www.wc.com,2021-01-20T21:05:22.000+0000,3,209,293,001Px00000heZg2IAE,Williams & Connolly LLP,,2026-07-25T18:08:12.000+0000,Kieran Hansen,N,1,2,0
1,name_exact,1,001Px00000VxW0NIAV,Williams & Connolly LLP,www.wc.com,2021-01-20T21:05:22.000+0000,3,209,293,001Px00000hecQTIAY,Williams & Connolly LLP,,2026-07-25T18:14:51.000+0000,Kieran Hansen,N,1,2,0
1,name_exact,1,001Px00000VxW0NIAV,Williams & Connolly LLP,www.wc.com,2021-01-20T21:05:22.000+0000,3,209,293,001Px00000j5HMiIAM,Williams & Connolly LLP,,2026-08-20T18:20:53.000+0000,Kieran Hansen,N,1,0,0
1,name_exact,1,001Px00000VxW0NIAV,Williams & Connolly LLP,www.wc.com,2021-01-20T21:05:22.000+0000,3,209,293,001Px00000jAIvLIAW,Williams & Connolly LLP,,2026-08-22T10:39:50.000+0000,Kieran Hansen,N,1,1,28
1,name_exact,1,0016g00001AOgqqAAD,Willkie Farr & Gallagher LLP,www.willkie.com,2021-01-20T21:05:22.000+0000,20,1589,1118,001Px00000j5F6RIAU,Willkie Farr & Gallagher,,2026-08-20T18:18:57.000+0000,Kieran Hansen,N,1,1,4
1,alias_exact,1,0016g00001AOgrVAAT,Wilmer Cutler Pickering Hale and Dorr LLP,www.wilmerhale.com,2021-01-20T21:05:17.000+0000,17,1740,1545,001Px00000j5PI0IAM,Hale Dorr,,2026-08-20T18:19:21.000+0000,Kieran Hansen,N,1,1,35
1,name_exact,1,0016g00001AOgsMAAT,Wilson Elser Moskowitz Edelman & Dicker LLP,www.wilsonelser.com,2021-01-20T21:05:28.000+0000,33,440,417,001Px00000j5HMpIAM,Wilson Elser Moskowitz Edelman Dicker,,2026-08-20T18:20:53.000+0000,Kieran Hansen,N,1,1,2
1,name_exact,1,0016g00001AOgt0AAD,Wilson Sonsini Goodrich & Rosati Professional Corporation,www.wsgr.com,2021-01-20T21:05:28.000+0000,40,677,626,001Px00000j5HMqIAM,Wilson Sonsini Goodrich & Rosati,,2026-08-20T18:20:53.000+0000,Kieran Hansen,N,1,1,47
1,name_exact,1,0016g00001AOgx4AAD,Winstead PC,www.winstead.com,2021-01-20T21:05:34.000+0000,12,159,104,001Px00000j5HMuIAM,Winstead Pc,,2026-08-20T18:20:53.000+0000,Kieran Hansen,N,1,1,12
1,name_exact,1,001Px00000VvVePIAV,Winston Taylor LLP,www.winstontaylor.com,2021-01-20T19:46:27.000+0000,46,2950,1433,001Px00000hTHmOIAW,Winston Taylor LLP,,2026-06-30T17:13:57.000+0000,David Winn,N,1,2,0
1,alias_exact,1,001Px00000VvNUXIA3,Withersworldwide LLP,www.withersworldwide.com,2021-01-20T20:09:30.000+0000,23,681,546,001Px00000hecUDIAY,Withers,,2026-07-25T18:15:04.000+0000,Kieran Hansen,N,1,1,0
1,alias_exact,1,001Px00000VwYp5IAF,Womble Bond Dickinson,www.womblebonddickinson.com,2021-01-20T19:34:19.000+0000,58,1649,614,001Px00000VvNVXIA3,Bond Dickinson LLP,,2025-11-13T10:11:39.000+0000,Kieran Hansen,N,1,6,0
1,name_exact,1,0016g00001AOhuOAAT,Zhong Yin Law Firm,www.zhongyinlawyer.com,2021-01-20T20:56:15.000+0000,5,27,17,0016g00001AOhuNAAT,Zhong Yin,www.zhongyinlawyer.com.tw,2021-01-20T21:07:34.000+0000,Kamyar Jannati,N,1,2,1
2,name_extends,1,0016g00001ANnDBAA1,Akin Gump Strauss Hauer & Feld LLP,www.akingump.com,2021-01-20T19:16:50.000+0000,26,1761,991,001Px00000hloUDIAY,"AKIN GUMP STRAUSS HAUER & FELD LLP , DUBAI",,2026-02-04T17:44:15.000+0000,Nirlipta Nihar Parida,N,1,0,0
2,alias_extends,1,001Px00000VvfTpIAJ,Allen Overy Shearman Sterling LLP,www.aoshearman.com,2021-01-20T19:17:41.000+0000,57,6867,3528,001Px00000hloUuIAI,A&O SHEARMAN GROUP,,2026-04-20T00:27:26.000+0000,Khris Fenton,N,1,1,0
2,name_short_form,1,0016g00001ANr4aAAD,Barnes & Thornburg LLP,www.btlaw.com,2021-01-20T19:24:18.000+0000,26,633,296,001Px00000heWA0IAM,BARNES,,2026-07-25T18:08:30.000+0000,Kieran Hansen,N,1,1,0
2,name_short_form,1,001Px00000VvNVPIA3,Bird & Bird LLP,www.twobirds.com,2021-01-20T19:26:35.000+0000,39,2807,2106,001Tm00000K5SGIIA3,Bird,www.bird.com,2025-06-25T08:31:23.000+0000,Kieran Hansen,N,1,2,1
2,name_short_form,1,0016g00001ANsQTAA1,"Blake, Cassels & Graydon LLP",www.blakes.com,2021-01-20T19:26:52.000+0000,10,1460,938,001Px00000cAYzAIAW,Blake,,2021-06-23T14:15:39.000+0000,Kieran Hansen,N,1,1,0
2,name_extends,1,0016g00001ANt2nAAD,Bracewell LLP,www.bracewell.com,2021-01-20T19:28:04.000+0000,20,550,394,001Px00000VxXFnIAN,Bracewell & Patterson,,2025-11-13T14:26:11.000+0000,Kieran Hansen,N,1,1,0
2,name_short_form,1,0016g00001ANt3wAAD,Bradley Arant Boult Cummings LLP,www.bradley.com,2021-01-20T19:28:04.000+0000,18,602,305,0016g00001ANt3mAAD,Bradley,www.bradleycorp.com,2021-01-20T19:28:04.000+0000,Kamyar Jannati,N,1,3,2
2,name_short_form,1,0016g00001ANtZ9AAL,"Brownstein Hyatt Farber Schreck, LLP",www.bhfs.com,2021-01-20T19:29:01.000+0000,13,219,337,001Px00000j5KWfIAM,Brownstein Hyatt Farber,,2026-08-20T18:15:26.000+0000,Kieran Hansen,N,1,0,0
2,name_short_form,1,0016g00001ANtZ9AAL,"Brownstein Hyatt Farber Schreck, LLP",www.bhfs.com,2021-01-20T19:29:01.000+0000,13,219,337,001Px00000jAKoYIAW,Brownstein Hyatt Farber,,2026-08-22T10:39:40.000+0000,Kieran Hansen,N,1,1,20
2,alias_extends,1,0016g00001ANtcKAAT,Bryan Cave Leighton Paisner LLP,www.bclplaw.com,2021-01-20T19:29:08.000+0000,46,2542,921,001Px00000VwPIPIA3,Berwin Leighton Paisner LLP- Uk,,2025-11-13T11:46:46.000+0000,Kieran Hansen,N,1,0,0
2,name_short_form,1,001Px00000Vvaq6IAB,Buchanan Ingersoll & Rooney PC,www.bipc.com,2021-01-20T19:29:14.000+0000,25,392,442,0016g00001ANth6AAD,Buchanan,www.buchanan.uk.com,2021-01-20T19:29:14.000+0000,Kamyar Jannati,N,1,1,0
2,name_short_form,1,001Px00000Vvaq6IAB,Buchanan Ingersoll & Rooney PC,www.bipc.com,2021-01-20T19:29:14.000+0000,25,392,442,0016g00001ANth8AAD,Buchanan,www.bchn.com.au,2021-01-20T19:29:14.000+0000,Kamyar Jannati,N,1,2,2
2,name_extends,1,0016g00001ANx1bAAD,CMS Legal,www.cms.law,2021-01-20T19:31:35.000+0000,106,6828,3358,001Tm00000N5Wa4IAF,CMS Cepcor,www.cmscepcor.com,2025-09-09T06:49:26.000+0000,Karnati Nihanth,N,1,1,0
2,name_extends,1,0016g00001ANx1bAAD,CMS Legal,www.cms.law,2021-01-20T19:31:35.000+0000,106,6828,3358,0016g00001ANx1UAAT,CMS Compliance Group Inc,www.cmscompliancegroup.com,2021-01-20T19:35:36.000+0000,Kamyar Jannati,N,1,1,0
2,name_extends,1,0016g00001ANx1bAAD,CMS Legal,www.cms.law,2021-01-20T19:31:35.000+0000,106,6828,3358,001Px00000bh8r1IAA,CMS Computers,www.cms.co.in,2026-03-17T11:53:57.000+0000,Kieran Hansen,N,1,1,0
2,name_extends,1,0016g00001ANx1bAAD,CMS Legal,www.cms.law,2021-01-20T19:31:35.000+0000,106,6828,3358,0016g00001ANx1VAAT,CMS Corp,www.cms-corporation.com,2021-01-20T19:35:36.000+0000,Kamyar Jannati,N,1,1,0
2,name_extends,1,0016g00001ANx1bAAD,CMS Legal,www.cms.law,2021-01-20T19:31:35.000+0000,106,6828,3358,0016g00001ANx1XAAT,CMS Energy Corporation,www.cmsenergy.com,2021-01-20T19:35:36.000+0000,Kamyar Jannati,N,2,15,0
2,name_extends,1,0016g00001ANx1bAAD,CMS Legal,www.cms.law,2021-01-20T19:31:35.000+0000,106,6828,3358,001Px00000cATacIAG,CMS Global Group,cmsglobalgroup.com/,2015-02-24T23:08:10.000+0000,Kieran Hansen,Y,1,1,0
2,name_extends,1,0016g00001ANx1bAAD,CMS Legal,www.cms.law,2021-01-20T19:31:35.000+0000,106,6828,3358,0016g00001ANx1ZAAT,CMS Global Group Inc,www.cmsglobalgroup.com,2021-01-20T19:35:36.000+0000,Kamyar Jannati,N,1,1,0
2,name_extends,1,0016g00001ANx1bAAD,CMS Legal,www.cms.law,2021-01-20T19:31:35.000+0000,106,6828,3358,001Px00000irTTGIA2,CMS Group,www.cms.com.tr,2026-08-17T17:45:17.000+0000,Roland Nukpe,N,1,0,0
2,name_extends,1,0016g00001ANx1bAAD,CMS Legal,www.cms.law,2021-01-20T19:31:35.000+0000,106,6828,3358,001Px00000cAWjmIAG,CMS Hong Kong LLP,,2019-03-16T22:39:54.000+0000,Kieran Hansen,Y,1,1,0
2,name_extends,1,0016g00001ANx1bAAD,CMS Legal,www.cms.law,2021-01-20T19:31:35.000+0000,106,6828,3358,001Tm00000KVYLNIA5,CMS Info Systems Limited,www.cms.com,2025-07-08T06:07:46.000+0000,Manisha Amireddy,N,1,2,0
2,name_extends,1,0016g00001ANx1bAAD,CMS Legal,www.cms.law,2021-01-20T19:31:35.000+0000,106,6828,3358,001Px00000heZGbIAM,CMS Netherlands,,2026-07-25T18:09:21.000+0000,Kieran Hansen,N,1,1,0
2,name_extends,1,0016g00001ANx1bAAD,CMS Legal,www.cms.law,2021-01-20T19:31:35.000+0000,106,6828,3358,0016g00001ANx1cAAD,CMS Payments Intelligence Inc,www.cmspi.com,2021-01-20T19:35:36.000+0000,Kamyar Jannati,N,1,2,0
2,name_extends,1,0016g00001ANx1bAAD,CMS Legal,www.cms.law,2021-01-20T19:31:35.000+0000,106,6828,3358,0016g00001ANx1dAAD,CMS Services,www.cmsservices.link,2021-01-20T19:35:36.000+0000,Kamyar Jannati,N,1,1,1
2,name_extends,1,0016g00001ANx1bAAD,CMS Legal,www.cms.law,2021-01-20T19:31:35.000+0000,106,6828,3358,0016g00001ANx1eAAD,CMS Technologies,www.cmstech.com,2021-01-20T19:35:36.000+0000,Kamyar Jannati,N,1,1,0
2,name_extends,1,0016g00001ANx1bAAD,CMS Legal,www.cms.law,2021-01-20T19:31:35.000+0000,106,6828,3358,001Px00000VxeY5IAJ,Cms Advertising,,2025-11-13T16:06:24.000+0000,Kieran Hansen,N,1,3,0
2,name_extends,1,0016g00001ANx1bAAD,CMS Legal,www.cms.law,2021-01-20T19:31:35.000+0000,106,6828,3358,001Px00000VyFbkIAF,Cms Cos,,2025-11-13T16:12:34.000+0000,Kieran Hansen,N,1,1,0
2,name_extends,1,0016g00001ANx1bAAD,CMS Legal,www.cms.law,2021-01-20T19:31:35.000+0000,106,6828,3358,0014L00000k4q5IQAQ,Cms Motors Limited,www.cms-carsales-ltd.co.uk,2023-05-23T17:09:29.000+0000,Kieran Hansen,N,1,0,0
2,name_short_form,1,001Px00000Vvo8DIAR,Clark Hill PLC,www.clarkhill.com,2021-01-20T19:35:08.000+0000,34,925,215,001Px00000VvuDKIAZ,Clark,,2025-11-13T10:19:21.000+0000,Kieran Hansen,N,3,5,0
2,name_short_form,1,001Px00000Vvo8DIAR,Clark Hill PLC,www.clarkhill.com,2021-01-20T19:35:08.000+0000,34,925,215,001Px00000hKSPpIAO,Clark,www.clark.io,2026-07-20T14:13:11.000+0000,Kieran Hansen,N,1,0,0
2,name_short_form,1,001Px00000Vvo8DIAR,Clark Hill PLC,www.clarkhill.com,2021-01-20T19:35:08.000+0000,34,925,215,001Px00000j5O4FIAU,Clark,,2026-08-20T18:15:37.000+0000,Kieran Hansen,N,1,1,2
2,name_extends,1,001Px00000Vvo8DIAR,Clark Hill PLC,www.clarkhill.com,2021-01-20T19:35:08.000+0000,34,925,215,001Px00000j5KXYIA2,Clark Hill Strasburger,,2026-08-20T18:15:42.000+0000,Kieran Hansen,N,2,2,3
2,name_short_form,1,0016g00001ANwoPAAT,Clayton Utz,www.claytonutz.com,2021-01-20T19:35:13.000+0000,9,1195,671,0016g00001ANwo3AAD,Clayton,,2021-01-20T19:35:13.000+0000,Kamyar Jannati,N,1,1,0
2,name_short_form,1,0016g00001ANwoPAAT,Clayton Utz,www.claytonutz.com,2021-01-20T19:35:13.000+0000,9,1195,671,001Px00000VvsZ8IAJ,Clayton,,2025-11-13T10:21:33.000+0000,Kieran Hansen,N,2,3,0
2,name_extends,1,0016g00001ANrupAAD,Clyde & Co LLP,www.clydeco.com,2021-01-20T19:25:53.000+0000,77,3458,1393,001Px00000j5Ic6IAE,Clyde & Co Canada LLP,,2026-08-20T18:19:11.000+0000,Kieran Hansen,N,1,1,15
2,name_extends,1,001Px00000Vvg80IAB,Cooley LLP,www.cooley.com,2021-01-20T19:37:27.000+0000,29,2432,874,001Px00000jWeK7IAK,Cooley & Handy,,2026-08-28T14:26:48.000+0000,Kieran Hansen,N,1,1,3
2,name_extends,1,001Px00000Vvg80IAB,Cooley LLP,www.cooley.com,2021-01-20T19:37:27.000+0000,29,2432,874,0016g00001AOgWlAAL,Cooley Law School,www.cooley.edu,2021-01-20T21:04:43.000+0000,Kamyar Jannati,N,4,7,149
2,name_extends,1,001Px00000Vvg80IAB,Cooley LLP,www.cooley.com,2021-01-20T19:37:27.000+0000,29,2432,874,0016g00001ANxwcAAD,Cooley Manion Jones LLP,www.cooleymanionjones.com,2021-01-20T19:37:27.000+0000,Kamyar Jannati,N,1,4,0
2,name_extends,1,001Px00000Vvg80IAB,Cooley LLP,www.cooley.com,2021-01-20T19:37:27.000+0000,29,2432,874,0016g00001ANxwfAAD,Cooley Shrair PC,www.cooleyshrair.com,2021-01-20T19:37:27.000+0000,Kamyar Jannati,N,1,4,0
2,name_extends,1,001Px00000Vvg80IAB,Cooley LLP,www.cooley.com,2021-01-20T19:37:27.000+0000,29,2432,874,001Px00000VxLwtIAF,"Cooley, Nancy",,2025-11-13T14:17:48.000+0000,Kieran Hansen,N,1,1,0
2,name_extends,1,001Px00000VvVJ5IAN,DLA Piper,www.dlapiper.com,2021-01-20T19:42:32.000+0000,135,9185,3428,001Px00000heU4HIAU,DLA Piper Afric,,2026-07-25T18:13:27.000+0000,Kieran Hansen,N,1,7,0
2,name_extends,1,001Px00000VvVJ5IAN,DLA Piper,www.dlapiper.com,2021-01-20T19:42:32.000+0000,135,9185,3428,001Px00000heavNIAQ,"DLA Piper Africa, Kenya (IKM Advocates)",,2026-07-25T18:10:55.000+0000,Kieran Hansen,N,2,5,0
2,name_extends,1,001Px00000VvVJ5IAN,DLA Piper,www.dlapiper.com,2021-01-20T19:42:32.000+0000,135,9185,3428,001Px00000j5O4bIAE,Dla Piper Us LLP,,2026-08-20T18:15:37.000+0000,Kieran Hansen,N,1,0,0
2,name_extends,1,001Px00000VvVJ5IAN,DLA Piper,www.dlapiper.com,2021-01-20T19:42:32.000+0000,135,9185,3428,001Px00000jAKosIAG,Dla Piper Us LLP,,2026-08-22T10:39:40.000+0000,Kieran Hansen,N,1,1,18
2,name_extends,1,0016g00001AOSsqAAH,DWF LLP,www.dwfgroup.com,2021-01-20T19:43:56.000+0000,45,1652,385,0016g00001AOKe3AAH,DWF Group plc,mindcrest.com,2021-01-20T20:22:13.000+0000,Kamyar Jannati,N,4,13,2
2,name_extends,1,0016g00001AOSsqAAH,DWF LLP,www.dwfgroup.com,2021-01-20T19:43:56.000+0000,45,1652,385,001Px00000heWGvIAM,DWF ME,,2026-07-25T18:09:48.000+0000,Kieran Hansen,N,1,1,0
2,name_short_form,1,001Px00000VvpglIAB,Davis Wright Tremaine LLP,www.dwt.com,2021-01-20T19:40:30.000+0000,12,465,523,001Px00000VvgXnIAJ,Davis & Wright,,2025-11-13T09:54:20.000+0000,Kieran Hansen,N,2,2,0
2,name_extends,1,001Px00000VvbwmIAB,Eversheds Sutherland,www.eversheds-sutherland.com,2021-01-20T19:47:46.000+0000,84,5128,1539,001Px00000heaTrIAI,Eversheds Sutherland (International) LLP,,2026-07-25T18:09:28.000+0000,Kieran Hansen,N,1,1,1
2,name_extends,1,001Px00000VvbwmIAB,Eversheds Sutherland,www.eversheds-sutherland.com,2021-01-20T19:47:46.000+0000,84,5128,1539,001Px00000heWR9IAM,Eversheds Sutherland (Italy),,2026-07-25T18:09:59.000+0000,Kieran Hansen,N,1,2,0
2,name_extends,1,001Px00000VvbwmIAB,Eversheds Sutherland,www.eversheds-sutherland.com,2021-01-20T19:47:46.000+0000,84,5128,1539,001Px00000heWRAIA2,Eversheds Sutherland (Italy),,2026-07-25T18:09:59.000+0000,Kieran Hansen,N,1,1,0
2,alias_short_form,1,001Px00000VvbwmIAB,Eversheds Sutherland,www.eversheds-sutherland.com,2021-01-20T19:47:46.000+0000,84,5128,1539,0016g00001AOZwfAAH,Sutherland,www.sutherland.com,2021-01-20T20:52:07.000+0000,Kamyar Jannati,N,1,4,0
2,alias_short_form,1,001Px00000VvbwmIAB,Eversheds Sutherland,www.eversheds-sutherland.com,2021-01-20T19:47:46.000+0000,84,5128,1539,001Px00000VvWyBIAV,Sutherland,theconstructionlawyers.com,2025-11-13T10:07:34.000+0000,Kieran Hansen,N,1,12,8
2,alias_short_form,1,0016g00001AO6I7AAL,FBT Gibbons LLP,www.fbtgibbons.com,2021-01-20T19:51:40.000+0000,31,540,367,001Px00000hloSIIAY,frost brown,,2017-03-28T20:41:22.000+0000,Kieran Hansen,Y,1,0,0
2,name_short_form,1,001Px00000VvUjPIAV,Faegre Drinker Biddle & Reath LLP,www.faegredrinker.com,2021-01-20T19:48:17.000+0000,46,1691,832,001Px00000j5H7PIAU,Faegre Drinker Biddle,,2026-08-20T18:15:57.000+0000,Kieran Hansen,N,1,1,2
2,name_short_form,1,001Px00000VvUjPIAV,Faegre Drinker Biddle & Reath LLP,www.faegredrinker.com,2021-01-20T19:48:17.000+0000,46,1691,832,001Px00000j5O97IAE,Faegre Drinker Biddle,,2026-08-20T18:15:47.000+0000,Kieran Hansen,N,1,1,223
2,name_short_form,1,001Px00000VvXqMIAV,"Fennemore Craig, P.C.",www.fennemorelaw.com,2021-01-20T19:49:00.000+0000,7,104,38,001Px00000heakTIAQ,Fennemore,,2026-07-25T18:10:21.000+0000,Kieran Hansen,N,1,1,1
2,alias_short_form,1,0016g00001AO496AAD,Fieldfisher LLP,www.fieldfisher.com,2021-01-20T19:49:24.000+0000,28,1454,876,0016g00001AO48rAAD,Field LLP,www.fieldlaw.com,2021-01-20T19:49:24.000+0000,Kamyar Jannati,N,3,61,11
2,name_short_form,1,001Px00000VyIdIIAV,"Freeman Mathis & Gary, LLP",www.fmglaw.com,2021-01-20T19:51:21.000+0000,4,95,113,0016g00001AO5AGAA1,Freeman,www.freemanco.com,2021-01-20T19:51:21.000+0000,Kamyar Jannati,N,2,13,1
2,name_short_form,1,001Px00000VvhX4IAJ,"Fried, Frank, Harris, Shriver & Jacobson LLP",www.friedfrank.com,2021-01-20T19:51:34.000+0000,9,1181,523,001Px00000j5OFuIAM,Fried Frank Harris Et Al,,2026-08-20T18:15:57.000+0000,Kieran Hansen,N,1,1,6
2,name_short_form,1,001Px00000j5PGuIAM,Frost Brown Todd,,2026-08-20T18:19:21.000+0000,1,1,40,001Px00000hloSIIAY,frost brown,,2017-03-28T20:41:22.000+0000,Kieran Hansen,Y,1,0,0
2,name_extends,1,0016g00001AO5nxAAD,Gateley PLC,www.gateleyplc.com,2021-01-20T19:14:59.000+0000,35,361,127,001Px00000hlfCmIAI,Gateley Middle East,,2026-03-16T10:23:11.000+0000,Khris Fenton,N,1,3,0
2,name_extends,1,0016g00001AO5nxAAD,Gateley PLC,www.gateleyplc.com,2021-01-20T19:14:59.000+0000,35,361,127,001Px00000heY0nIAE,Gateley Transform,,2026-07-25T18:14:27.000+0000,Kieran Hansen,N,1,1,0
2,name_short_form,1,0016g00001AO6J6AAL,"Gibson, Dunn & Crutcher LLP",www.gibsondunn.com,2021-01-20T19:53:36.000+0000,26,2512,2707,0016g00001AO6IkAAL,Gibson,www.gibsonins.com,2021-01-20T19:53:36.000+0000,Kamyar Jannati,N,1,1,0
2,name_short_form,1,0016g00001AO6J6AAL,"Gibson, Dunn & Crutcher LLP",www.gibsondunn.com,2021-01-20T19:53:36.000+0000,26,2512,2707,001Px00000jNV8SIAW,Gibson,www.gibson.com,2026-08-26T15:41:54.000+0000,Kieran Hansen,N,1,0,0
2,name_short_form,1,0016g00001AO6J6AAL,"Gibson, Dunn & Crutcher LLP",www.gibsondunn.com,2021-01-20T19:53:36.000+0000,26,2512,2707,001Px00000j5OJlIAM,Gibson Dunn,,2026-08-20T18:16:25.000+0000,Kieran Hansen,N,1,1,15
2,name_short_form,1,0016g00001AO6nnAAD,Goldberg Segalla LLP,www.goldbergsegalla.com,2021-01-20T19:54:41.000+0000,31,223,167,001Px00000XsUu3IAF,GOLDBERG,www.lawyers.com/goldberg&cohn,2025-12-22T11:03:11.000+0000,Kieran Hansen,N,1,1,1
2,name_short_form,1,0016g00001AO6nnAAD,Goldberg Segalla LLP,www.goldbergsegalla.com,2021-01-20T19:54:41.000+0000,31,223,167,001Px00000XsUu2IAF,Goldberg,www.florida-justice.com,2025-12-22T11:03:11.000+0000,Kieran Hansen,N,1,1,0
2,name_short_form,1,001Px00000VvidnIAB,Hanson Bridgett LLP,www.hansonbridgett.com,2021-01-20T19:57:19.000+0000,6,133,98,001Px00000cAVOJIA4,Hanson,,2012-10-11T14:54:22.000+0000,Kieran Hansen,Y,1,1,0
2,alias_short_form,1,001Px00000VvsMqIAJ,Herbert Smith Freehills Kramer LLP,www.hsfkramer.com,2021-01-20T19:47:57.000+0000,50,4620,3024,001Px00000awhG6IAI,Kramer LLP,,2026-02-26T12:57:14.000+0000,Roland Nukpe,N,1,1,2
2,name_short_form,1,001Px00000Vvd3AIAR,Holman Fenwick Willan LLP,www.hfw.com,2021-01-20T19:59:41.000+0000,22,1025,699,001Px00000iuYzNIAU,Holman,www.holman.com,2026-08-18T14:31:19.000+0000,Roland Nukpe,N,1,0,0
2,name_short_form,1,0016g00001AO9rrAAD,Hughes Hubbard & Reed LLP,www.hugheshubbard.com,2021-01-20T20:00:42.000+0000,8,470,812,0016g00001AO9rVAAT,Hughes,,2021-01-20T20:00:42.000+0000,Kamyar Jannati,N,1,1,0
2,alias_extends,1,0016g00001AODvqAAH,Kelley Drye & Warren LLP,www.kelleydrye.com,2021-01-20T20:08:59.000+0000,10,419,335,001Px00000j5ORBIA2,Kelley Drye White Oconner,,2026-08-20T18:16:45.000+0000,Kieran Hansen,N,1,0,0
2,alias_extends,1,0016g00001AODvqAAH,Kelley Drye & Warren LLP,www.kelleydrye.com,2021-01-20T20:08:59.000+0000,10,419,335,001Px00000jAKppIAG,Kelley Drye White Oconner,,2026-08-22T10:39:40.000+0000,Kieran Hansen,N,1,1,10
2,name_short_form,1,0016g00001AOEFRAA5,Kilpatrick Townsend & Stockton LLP,www.ktslaw.com,2021-01-20T20:09:37.000+0000,30,885,575,001Px00000cAd5zIAC,Kilpatrick,,2012-07-11T19:35:13.000+0000,Kieran Hansen,Y,1,1,0
2,name_extends,1,0016g00001AOEFgAAP,Kim & Chang,www.kimchang.com,2021-01-20T20:09:37.000+0000,9,814,895,0016g00001AOEFmAAP,Kim Chang Lee,www.kimchanglee.co.kr,2021-01-20T20:09:44.000+0000,Kamyar Jannati,N,1,12,3
2,name_extends,1,0016g00001AOEIFAA5,King & Wood,www.kingandwood.com,2021-01-20T20:09:44.000+0000,27,1115,767,001Px00000j5IJbIAM,King And Wood Mallesons,,2026-08-20T18:15:21.000+0000,Kieran Hansen,N,1,1,2
2,name_short_form,1,001Px00000VvjRBIAZ,Kirkland & Ellis LLP,www.kirkland.com,2021-01-20T20:09:57.000+0000,29,4397,2347,001Px00000hebAyIAI,Kirkland,,2026-07-25T18:11:30.000+0000,Kieran Hansen,N,1,2,3
2,name_short_form,1,001Tm000008XV0QIAW,Knights Professional Services Limited,www.knightsplc.com,2021-01-20T19:21:06.000+0000,12,207,49,001Px00000VvlLFIAZ,Knights LLP,,2025-11-13T10:11:30.000+0000,Kieran Hansen,N,1,5,0
2,name_short_form,1,0016g00001AOGplAAH,Lewis Brisbois Bisgaard & Smith LLP,www.lewisbrisbois.com,2021-01-20T20:14:40.000+0000,41,457,194,0016g00001AOGpJAAX,Lewis,,2021-01-20T20:14:40.000+0000,Kamyar Jannati,N,1,1,2
2,name_short_form,1,0016g00001AOGplAAH,Lewis Brisbois Bisgaard & Smith LLP,www.lewisbrisbois.com,2021-01-20T20:14:40.000+0000,41,457,194,001Px00000hebGcIAI,Lewis Brisbois,,2026-07-25T18:11:50.000+0000,Kieran Hansen,N,1,1,0
2,name_extends,1,001Px00000VwWTPIA3,Long An Law Firm,www.longanlaw.com,2021-01-20T20:16:13.000+0000,5,32,17,001Px00000cAQhKIAW,Long An & Lam LLP,,2026-03-04T18:52:27.000+0000,Kevin Fox,N,1,1,2
2,name_extends,1,001Px00000VwWTPIA3,Long An Law Firm,www.longanlaw.com,2021-01-20T20:16:13.000+0000,5,32,17,001Px00000heSIQIA2,Long An Lam,,2026-07-25T18:11:53.000+0000,Kieran Hansen,N,1,2,0
2,name_short_form,1,001Px00000VvaqoIAB,"Marshall Dennehey Warner Coleman & Goggin, P.C.",www.marshalldennehey.com,2021-01-20T20:18:48.000+0000,19,118,227,001Px00000iuYykIAE,Marshall,www.marshall.co.uk,2026-08-18T14:31:19.000+0000,Roland Nukpe,N,1,0,0
2,name_extends,1,001Px00000VwMiWIAV,Mayer Brown LLP,www.mayerbrown.com,2021-01-20T20:19:33.000+0000,42,3165,3427,001Px00000j5JwKIAU,Mayer Brown Platt,,2026-08-20T18:20:01.000+0000,Kieran Hansen,N,1,1,2
2,name_short_form,1,001Px00000VwMiWIAV,Mayer Brown LLP,www.mayerbrown.com,2021-01-20T20:19:33.000+0000,42,3165,3427,001Tm00000MIHiVIAX,Mayer LLP,www.mayerllp.com,2025-08-20T15:20:47.000+0000,Kieran Hansen,N,5,56,214
2,name_short_form,1,001Px00000VvrcxIAB,McCarthy Tétrault LLP,www.mccarthy.ca,2021-01-20T20:19:52.000+0000,8,1695,823,001Px00000j5K3eIAE,Mccarthy,,2026-08-20T18:17:07.000+0000,Kieran Hansen,N,1,1,1
2,"alias_short_form, name_short_form",2,001Px00000Vvm5wIAB,McDermott Will & Schulte LLP,www.mwe.com,2021-01-20T20:19:52.000+0000,39,2473,1395,0016g00001AOJW9AAP,McDermott,www.mcdermott.com,2021-01-20T20:05:52.000+0000,Kamyar Jannati,Y,9,36,3
2,name_extends,1,0016g00001AOKWxAAP,Milbank LLP,www.milbank.com,2021-01-20T20:22:00.000+0000,15,903,875,001Tm0000079RbIIAU,Milbank Group,themilbankgroup.co.uk,2024-05-22T13:32:58.000+0000,Kamyar Jannati,N,1,2,0
2,name_short_form,1,0016g00001AOKajAAH,Miller Thomson LLP,www.millerthomson.com,2021-01-20T20:22:07.000+0000,23,558,267,001Px00000XsiZIIAZ,Miller,www.millertitlelaw.com,2025-12-22T11:03:19.000+0000,Kieran Hansen,N,1,1,0
2,name_short_form,1,0016g00001AOLWRAA5,Moore & Van Allen PLLC,www.mvalaw.com,2021-01-20T20:23:49.000+0000,4,186,294,0016g00001AOLWGAA5,Moore,www.moorelegal.co.uk,2021-01-20T20:23:49.000+0000,Kamyar Jannati,N,1,1,0
2,name_short_form,1,0016g00001AOLbIAAX,"Morgan, Lewis & Bockius LLP",www.morganlewis.com,2021-01-20T20:24:02.000+0000,40,3786,1961,0016g00001AOLZuAAP,Morgan,,2021-01-20T20:23:55.000+0000,Kamyar Jannati,Y,1,1,0
2,name_short_form,1,0016g00001ANtRdAAL,Nelson Mullins Riley & Scarborough LLP,www.nelsonmullins.com,2021-01-20T19:28:50.000+0000,38,1230,495,0016g00001AOMrmAAH,Nelson,www.nelsonhr.com,2021-01-20T20:26:38.000+0000,Kamyar Jannati,N,2,5,0
2,name_short_form,1,0016g00001AOONoAAP,"Ogletree, Deakins, Nash, Smoak & Stewart, P.C.",www.ogletree.com,2021-01-20T20:29:55.000+0000,72,1267,435,001Px00000j5KBAIA2,Ogletree,,2026-08-20T18:17:38.000+0000,Kieran Hansen,N,1,0,0
2,name_short_form,1,0016g00001AOONoAAP,"Ogletree, Deakins, Nash, Smoak & Stewart, P.C.",www.ogletree.com,2021-01-20T20:29:55.000+0000,72,1267,435,001Px00000jAGGvIAO,Ogletree,,2026-08-22T10:39:45.000+0000,Kieran Hansen,N,1,1,12
2,name_short_form,1,0016g00001AOONoAAP,"Ogletree, Deakins, Nash, Smoak & Stewart, P.C.",www.ogletree.com,2021-01-20T20:29:55.000+0000,72,1267,435,001Px00000heOl4IAE,Ogletree Deakins,,2026-07-25T18:12:46.000+0000,Kieran Hansen,N,1,1,0
2,name_short_form,1,0016g00001AOONoAAP,"Ogletree, Deakins, Nash, Smoak & Stewart, P.C.",www.ogletree.com,2021-01-20T20:29:55.000+0000,72,1267,435,001Px00000j5KMYIA2,Ogletree Deakins,,2026-08-20T18:20:06.000+0000,Kieran Hansen,N,1,1,37
2,name_short_form,1,0016g00001AOONoAAP,"Ogletree, Deakins, Nash, Smoak & Stewart, P.C.",www.ogletree.com,2021-01-20T20:29:55.000+0000,72,1267,435,001Px00000j5KMZIA2,Ogletree Deakins Nash,,2026-08-20T18:20:06.000+0000,Kieran Hansen,N,1,1,18
2,name_short_form,1,001Px00000VvaH3IAJ,Osborne Clarke,www.osborneclarke.com,2021-01-20T20:29:30.000+0000,27,1078,595,001Px00000VvtvXIAR,Osborne,,2025-11-13T10:18:59.000+0000,Kieran Hansen,N,2,3,0
2,name_short_form,1,001Px00000VvpWQIAZ,Perkins Coie LLP,www.perkinscoie.com,2021-01-20T20:33:56.000+0000,34,1914,927,0016g00001AOQKKAA5,Perkins,www.perkins.org,2021-01-20T20:33:56.000+0000,Kamyar Jannati,N,1,1,0
2,name_short_form,1,001Px00000VvRLQIA3,Proskauer Rose LLP,www.proskauer.com,2021-01-20T20:36:59.000+0000,28,913,1278,001Px00000j5PSNIA2,Proskauer,,2026-08-20T18:20:12.000+0000,Kieran Hansen,N,1,1,25
2,name_extends,1,001Px00000VvRLQIA3,Proskauer Rose LLP,www.proskauer.com,2021-01-20T20:36:59.000+0000,28,913,1278,001Px00000j5PSRIA2,Proskauer Rose Goetz,,2026-08-20T18:20:12.000+0000,Kieran Hansen,N,1,0,0
2,name_extends,1,001Px00000VvRLQIA3,Proskauer Rose LLP,www.proskauer.com,2021-01-20T20:36:59.000+0000,28,913,1278,001Px00000jAIv9IAG,Proskauer Rose Goetz,,2026-08-22T10:39:50.000+0000,Kieran Hansen,N,1,1,15
2,name_short_form,1,0016g00001AOS0RAAX,Pryor Cashman LLP,www.pryorcashman.com,2021-01-20T20:37:12.000+0000,5,297,165,001Px00000VyLOcIAN,Pryor,,2025-11-13T16:30:46.000+0000,Kieran Hansen,N,1,1,0
2,name_short_form,1,0016g00001AOSRiAAP,"Quinn Emanuel Urquhart & Sullivan, LLP",www.quinnemanuel.com,2021-01-20T20:37:44.000+0000,37,1438,1227,001Px00000j5PSaIAM,Quinn Emanuel,,2026-08-20T18:20:12.000+0000,Kieran Hansen,N,1,1,6
2,name_short_form,1,0016g00001AOSRiAAP,"Quinn Emanuel Urquhart & Sullivan, LLP",www.quinnemanuel.com,2021-01-20T20:37:44.000+0000,37,1438,1227,001Px00000j5PSbIAM,Quinn Emanuel Urquhart,,2026-08-20T18:20:12.000+0000,Kieran Hansen,N,1,1,6
2,name_extends,1,0016g00001AOSRiAAP,"Quinn Emanuel Urquhart & Sullivan, LLP",www.quinnemanuel.com,2021-01-20T20:37:44.000+0000,37,1438,1227,001Px00000hebnBIAQ,"Quinn Emanuel Urquhart & Sullivan, LLP Hong Kong Office",,2026-07-25T18:13:12.000+0000,Kieran Hansen,N,1,1,0
2,name_short_form,1,001Px00000VvjteIAB,Reed Smith LLP,www.reedsmith.com,2021-01-20T20:39:29.000+0000,42,3352,1674,0016g00001AOT60AAH,Reed,www.reedglobal.com,2021-01-20T20:39:29.000+0000,Kamyar Jannati,N,3,5,0
2,name_short_form,1,001Px00000VvjteIAB,Reed Smith LLP,www.reedsmith.com,2021-01-20T20:39:29.000+0000,42,3352,1674,001Px00000f2rHFIAY,Reed,www.reed.com,2021-01-20T20:39:29.000+0000,Kamyar Jannati,N,2,19,5
2,name_extends,1,001Px00000VvjteIAB,Reed Smith LLP,www.reedsmith.com,2021-01-20T20:39:29.000+0000,42,3352,1674,001Px00000hebq6IAA,Reed Smith LLP - Princeton,,2026-07-25T18:13:18.000+0000,Kieran Hansen,N,1,1,0
2,name_short_form,1,0016g00001AOTxNAAX,Robinson & Cole LLP,www.rc.com,2021-01-20T20:41:18.000+0000,8,242,177,0016g00001AOTxoAAH,Robinson LLP,www.robinsonllp.com,2021-01-20T20:41:18.000+0000,Kamyar Jannati,N,1,1,0
2,name_extends,1,0016g00001AOVKNAA5,Saul Ewing LLP,www.saul.com,2021-01-20T20:44:04.000+0000,24,335,269,001Px00000j5Mt0IAE,Saul Ewing Arnstein & Lehr,,2026-08-20T18:20:17.000+0000,Kieran Hansen,N,1,1,2
2,name_short_form,1,0016g00001AOWckAAH,"Sheppard, Mullin, Richter & Hampton LLP",www.sheppardmullin.com,2021-01-20T20:46:25.000+0000,23,719,514,001Px00000heQ1PIAU,Sheppard,,2026-07-25T18:13:47.000+0000,Kieran Hansen,N,4,4,1
2,name_short_form,1,0016g00001AOWnaAAH,"Shumaker, Loop & Kendrick, LLP",www.shumaker.com,2021-01-20T20:46:43.000+0000,9,162,142,001Px00000j5NXLIA2,Shumaker Loop,,2026-08-20T18:18:04.000+0000,Kieran Hansen,N,1,1,5
2,name_short_form,1,0016g00001AOWqsAAH,Sidley Austin LLP,www.sidley.com,2021-01-20T20:46:48.000+0000,34,3540,1956,001Px00000heb2IIAQ,Sidley,,2026-07-25T18:11:08.000+0000,Kieran Hansen,N,1,1,0
2,name_extends,1,0016g00001AOWqsAAH,Sidley Austin LLP,www.sidley.com,2021-01-20T20:46:48.000+0000,34,3540,1956,001Px00000j5MtrIAE,Sidley Austin Brown,,2026-08-20T18:20:17.000+0000,Kieran Hansen,N,1,1,40
2,name_extends,1,0016g00001AOWqsAAH,Sidley Austin LLP,www.sidley.com,2021-01-20T20:46:48.000+0000,34,3540,1956,001Px00000j5MtsIAE,Sidley Austin Brown,,2026-08-20T18:20:17.000+0000,Kieran Hansen,N,1,1,2
2,name_short_form,1,0016g00001AOXJmAAP,"Skadden, Arps, Slate, Meagher & Flom LLP",www.skadden.com,2021-01-20T20:47:38.000+0000,27,2933,3393,001Px00000j5MtvIAE,Skadden Arps Slate,,2026-08-20T18:20:17.000+0000,Kieran Hansen,N,1,1,3
2,alias_extends,1,001Px00000VvZULIA3,Squire Patton Boggs,www.squirepattonboggs.com,2021-01-20T20:49:33.000+0000,63,2424,1161,001Px00000VvVuVIAV,Squire Sanders & Dempsey,,2025-11-13T10:05:24.000+0000,Kieran Hansen,N,2,14,2
2,alias_extends,1,001Px00000VvZULIA3,Squire Patton Boggs,www.squirepattonboggs.com,2021-01-20T20:49:33.000+0000,63,2424,1161,001Px00000VvXP5IAN,Squire Sanders & Dempsey L Lp,,2025-11-13T10:06:08.000+0000,Kieran Hansen,N,1,16,0
2,name_extends,1,0016g00001AOYz6AAH,Steptoe LLP,www.steptoe.com,2021-01-20T20:50:24.000+0000,19,774,909,0016g00001AOYz7AAH,Steptoe & Johnson PLLC,www.steptoe-johnson.com,2021-01-20T20:50:24.000+0000,Kamyar Jannati,N,19,79,55
2,name_extends,1,0016g00001AOYz6AAH,Steptoe LLP,www.steptoe.com,2021-01-20T20:50:24.000+0000,19,774,909,001Px00000j5CKFIA2,Steptoe & Johnson PLLC,,2026-08-20T18:20:22.000+0000,Kieran Hansen,N,1,1,8
2,"name_extends, website_domain_match",2,0016g00001AOZ77AAH,Stinson LLP,www.stinson.com,2021-01-20T20:50:36.000+0000,17,335,294,001Px00000VvRpVIAV,"Stinson , Tobin",www.stinson.com,2025-11-13T09:51:00.000+0000,Kieran Hansen,N,1,2,0
2,name_extends,1,0016g00001AOZ77AAH,Stinson LLP,www.stinson.com,2021-01-20T20:50:36.000+0000,17,335,294,001Px00000VxQ8lIAF,Stinson Electric Inc.,,2025-11-13T14:39:36.000+0000,Kieran Hansen,N,1,1,0
2,name_extends,1,0016g00001AOZ77AAH,Stinson LLP,www.stinson.com,2021-01-20T20:50:36.000+0000,17,335,294,001Px00000VwjRZIAZ,Stinson Forensic Insurance Consulting,,2025-11-13T12:00:34.000+0000,Kieran Hansen,N,1,1,0
2,name_extends,1,0016g00001AOZ77AAH,Stinson LLP,www.stinson.com,2021-01-20T20:50:36.000+0000,17,335,294,001Px00000j5FwEIAU,Stinson Leonard & Street,,2026-08-20T18:18:09.000+0000,Kieran Hansen,N,1,1,1
2,name_extends,1,0016g00001AOZ77AAH,Stinson LLP,www.stinson.com,2021-01-20T20:50:36.000+0000,17,335,294,001Px00000j5CKIIA2,Stinson Morrison Hecker,,2026-08-20T18:20:22.000+0000,Kieran Hansen,N,1,1,32
2,name_extends,1,0016g00001AOZ77AAH,Stinson LLP,www.stinson.com,2021-01-20T20:50:36.000+0000,17,335,294,001Px00000Vw0IbIAJ,Stinson Wade Law Firm,,2025-08-19T11:22:21.000+0000,Kieran Hansen,N,1,2,2
2,name_extends,1,0016g00001AOZ77AAH,Stinson LLP,www.stinson.com,2021-01-20T20:50:36.000+0000,17,335,294,001Px00000Vy5J2IAJ,"Stinson, Cynthia",,2025-11-13T15:56:59.000+0000,Kieran Hansen,N,1,1,0
2,name_extends,1,0016g00001AOZ77AAH,Stinson LLP,www.stinson.com,2021-01-20T20:50:36.000+0000,17,335,294,001Px00000Vx6SIIAZ,"Stinson, Robert",,2025-11-13T14:12:25.000+0000,Kieran Hansen,N,1,1,0
2,name_short_form,1,001Px00000VvtXhIAJ,Taylor Wessing Verein,www.taylorwessing.com,2025-11-13T10:24:16.000+0000,18,832,346,001Px00000Xsbs6IAB,Taylor,www.taylorandviers.com,2025-12-22T11:03:39.000+0000,Kieran Hansen,N,1,1,2
2,name_short_form,1,001Px00000VvtXhIAJ,Taylor Wessing Verein,www.taylorwessing.com,2025-11-13T10:24:16.000+0000,18,832,346,001Px00000j5Fx9IAE,Taylor,,2026-08-20T18:18:09.000+0000,Kieran Hansen,N,1,1,8
2,alias_short_form,1,0016g00001AOdUoAAL,Troutman Pepper Locke LLP,www.troutman.com,2021-01-20T20:15:54.000+0000,68,2945,932,001Px00000VvwGEIAZ,Pepper,www.pepper.me/,2025-11-13T10:23:06.000+0000,Kieran Hansen,N,1,4,0
2,name_short_form,1,0016g00001AOdUoAAL,Troutman Pepper Locke LLP,www.troutman.com,2021-01-20T20:15:54.000+0000,68,2945,932,001Px00000j5NlvIAE,Troutman Pepper,,2026-08-20T18:20:43.000+0000,Kieran Hansen,N,1,1,35
2,name_short_form,1,0016g00001AOdUoAAL,Troutman Pepper Locke LLP,www.troutman.com,2021-01-20T20:15:54.000+0000,68,2945,932,001Px00000j5NlwIAE,Troutman Pepper.,,2026-08-20T18:20:43.000+0000,Kieran Hansen,N,1,1,35
2,alias_extends,1,0016g00001AOdUoAAL,Troutman Pepper Locke LLP,www.troutman.com,2021-01-20T20:15:54.000+0000,68,2945,932,001Px00000hecIPIAY,Troutman Sanders eMerge,,2026-07-25T18:14:24.000+0000,Kieran Hansen,N,1,1,1
2,name_extends,1,0016g00001AOfBkAAL,Venable LLP,www.venable.com,2021-01-20T19:50:07.000+0000,18,1367,629,0016g00001AOfBjAAL,Venable Campillo Logan and Meaney PC,www.vclmlaw.com,2021-01-20T21:01:58.000+0000,Kamyar Jannati,N,1,2,0
2,name_short_form,1,001Px00000VvZXMIA3,"Wachtell, Lipton, Rosen & Katz",www.wlrk.com,2021-01-20T21:03:30.000+0000,2,251,763,001Px00000j5PcYIAU,Wachtell Lipton,,2026-08-20T18:20:48.000+0000,Kieran Hansen,N,1,1,30
2,name_short_form,1,001Px00000VvZXMIA3,"Wachtell, Lipton, Rosen & Katz",www.wlrk.com,2021-01-20T21:03:30.000+0000,2,251,763,001Px00000j5PcZIAU,Wachtell Lipton Rosen,,2026-08-20T18:20:48.000+0000,Kieran Hansen,N,1,1,32
2,name_short_form,1,0016g00001AOgCnAAL,Watson Farley & Williams LLP,www.wfw.com,2021-01-20T21:04:02.000+0000,22,1038,433,0016g00001AOgCgAAL,Watson,www.birminghambusinesslaw.com,2021-01-20T21:04:02.000+0000,Kamyar Jannati,N,1,1,0
2,name_short_form,1,0016g00001AOgCnAAL,Watson Farley & Williams LLP,www.wfw.com,2021-01-20T21:04:02.000+0000,22,1038,433,001Px00000f36DCIAY,Watson,www.watsonfuels.co.uk,2026-06-10T16:27:48.000+0000,Kieran Hansen,N,1,0,0
2,name_short_form,1,0016g00001AOgCnAAL,Watson Farley & Williams LLP,www.wfw.com,2021-01-20T21:04:02.000+0000,22,1038,433,0016g00001AOgD3AAL,Watson LLP,www.watsonllp.com,2021-01-20T21:04:02.000+0000,Kamyar Jannati,N,1,1,1
2,name_extends,1,001Px00000Vvm4ZIAR,"Weil, Gotshal & Manges LLP",www.weil.com,2021-01-20T21:04:23.000+0000,23,2069,1265,001Px00000heTUPIA2,"Weil, Gotshal & Manges (London) LLP",,2026-07-25T18:12:50.000+0000,Kieran Hansen,N,1,6,1
2,name_short_form,1,001Px00000VvL2BIAV,"Weinberg, Wheeler, Hudgins, Gunn & Dial, LLC",www.wwhgd.com,2021-01-20T21:04:23.000+0000,5,100,193,001Px00000cAfiVIAS,Weinberg Wheeler Hudgins,,2016-04-28T17:52:01.000+0000,Kieran Hansen,Y,1,0,0
2,name_short_form,1,0016g00001AOgrVAAT,Wilmer Cutler Pickering Hale and Dorr LLP,www.wilmerhale.com,2021-01-20T21:05:17.000+0000,17,1740,1545,001Px00000j5HMoIAM,Wilmer Cutler Pickering,,2026-08-20T18:20:53.000+0000,Kieran Hansen,N,1,1,3
2,name_short_form,1,0016g00001AOgt0AAD,Wilson Sonsini Goodrich & Rosati Professional Corporation,www.wsgr.com,2021-01-20T21:05:28.000+0000,40,677,626,001Px00000j5HMrIAM,Wilson Sonsini Goodrich Et Al,,2026-08-20T18:20:53.000+0000,Kieran Hansen,N,1,1,4
2,alias_extends,1,001Px00000VvNUXIA3,Withersworldwide LLP,www.withersworldwide.com,2021-01-20T20:09:30.000+0000,23,681,546,0016g00001AOh17AAD,Withers & Rogers LLP,www.withersrogers.com,2021-01-20T21:05:48.000+0000,Kamyar Jannati,N,5,102,102
2,alias_extends,1,001Px00000VvNUXIA3,Withersworldwide LLP,www.withersworldwide.com,2021-01-20T20:09:30.000+0000,23,681,546,001Tm00000MEVJIIA5,"Withers , Preston",,2025-08-19T11:23:59.000+0000,Kieran Hansen,N,1,1,1
2,alias_extends,1,001Px00000VvNUXIA3,Withersworldwide LLP,www.withersworldwide.com,2021-01-20T20:09:30.000+0000,23,681,546,0016g00001AOh18AAD,Withers Brindley Associates,www.mayfieldsinsolvency.co.uk,2021-01-20T21:05:48.000+0000,Kamyar Jannati,N,1,1,0
2,alias_extends,1,001Px00000VvNUXIA3,Withersworldwide LLP,www.withersworldwide.com,2021-01-20T20:09:30.000+0000,23,681,546,001Px00000cAG0NIAW,Withers Consulting Group,www.withersconsulting.com/,2015-10-26T17:56:12.000+0000,Kieran Hansen,Y,1,1,0
2,alias_short_form,1,001Px00000VwYp5IAF,Womble Bond Dickinson,www.womblebonddickinson.com,2021-01-20T19:34:19.000+0000,58,1649,614,001Px00000j5HN0IAM,Womble Carlyle,,2026-08-20T18:20:53.000+0000,Kieran Hansen,N,1,1,10
3,website_domain_match,1,001Px00000Vve0tIAB,ArentFox Schiff LLP,www.afslaw.com,2021-01-20T19:20:30.000+0000,15,1230,582,001Px00000VvUVbIAN,Mary Dowd,afslaw.com,2025-11-13T10:00:01.000+0000,Kieran Hansen,N,1,1,0
3,website_domain_match,1,0016g00001ANqcEAAT,"Baker, Donelson, Bearman, Caldwell & Berkowitz, PC",www.bakerdonelson.com,2021-01-20T19:23:28.000+0000,25,480,283,001Px00000VvZ3GIAV,"Baker, John D, Md, Facp",www.bakerdonelson.com/,2025-11-13T10:01:24.000+0000,Kieran Hansen,N,1,1,0
3,website_domain_match,1,0016g00001ANrikAAD,"Benesch, Friedlander, Coplan & Aronoff, LLP",www.beneschlaw.com,2021-01-20T19:25:35.000+0000,16,305,186,0016g00001AObkQAAT,The Law Office of Brian C De Pew,www.beneschlaw.com,2021-01-20T20:55:33.000+0000,Kamyar Jannati,N,1,1,0
3,website_domain_match,1,0016g00001ANsmuAAD,"Bond, Schoeneck & King PLLC",www.bsk.com,2021-01-20T19:27:36.000+0000,14,113,86,001Px00000VvdaRIAR,Charles J Groppe,bsk.com,2025-08-19T11:12:24.000+0000,Kieran Hansen,N,1,1,3
3,website_domain_match,1,0016g00001ANt3wAAD,Bradley Arant Boult Cummings LLP,www.bradley.com,2021-01-20T19:28:04.000+0000,18,602,305,001Px00000VvwCdIAJ,"Bradley & Company Private Wealth Management, LLC",bradley.com,2025-11-13T10:25:49.000+0000,Kieran Hansen,N,1,0,4
3,website_domain_match,1,001Px00000VvXxxIAF,"Cadwalader, Wickersham & Taft LLP",www.cadwalader.com,2021-01-20T19:30:27.000+0000,6,817,540,001Px00000VvTAUIA3,Mark Singer,cadwalader.com,2025-11-13T09:58:58.000+0000,Kieran Hansen,N,1,2,0
3,website_domain_match,1,0016g00001ANuIZAA1,Cahill Gordon & Reindel LLP,www.cahill.com,2021-01-20T19:30:27.000+0000,5,234,201,001Tm00000LgTuMIAV,Suzanne Abdallah - Person Account,www.cahill.com,2025-08-06T08:20:13.000+0000,Sindushree Chinnagundanahalli Seetharam,N,1,1,0
3,website_domain_match,1,0016g00001ANuvPAAT,"Carlton Fields, P.A",www.carltonfields.com,2021-01-20T19:31:41.000+0000,16,382,243,001Px00000Vw0HPIAZ,Brian Hart,carltonfields.com,2025-11-13T11:43:20.000+0000,Kieran Hansen,N,1,1,0
3,website_domain_match,1,0016g00001ANuvPAAT,"Carlton Fields, P.A",www.carltonfields.com,2021-01-20T19:31:41.000+0000,16,382,243,0016g00001AOD8MAAX,Jorden Burt LLP,www.carltonfields.com,2021-01-20T20:07:27.000+0000,Kamyar Jannati,N,1,2,0
3,website_domain_match,1,001Px00000VwSDBIA3,Chiesa Shahinian & Giantomasi PC,www.csglaw.com,2021-01-20T19:33:54.000+0000,4,124,274,001Px00000WjkDyIAJ,ALM Placeholder Account for Migration,csglaw.com,2025-11-28T12:01:20.000+0000,Kieran Hansen,N,1,14,28197
3,website_domain_match,1,001Px00000Vvo8DIAR,Clark Hill PLC,www.clarkhill.com,2021-01-20T19:35:08.000+0000,34,925,215,001Tm00000MtMu1IAF,Andrew Carroll,clarkhill.com,2025-09-04T09:58:10.000+0000,Kieran Hansen,N,2,2,1
3,website_domain_match,1,001Px00000Vvo8DIAR,Clark Hill PLC,www.clarkhill.com,2021-01-20T19:35:08.000+0000,34,925,215,001Px00000VvpEIIAZ,Douglas Gilbert,clarkhill.com,2025-11-13T10:24:21.000+0000,Kieran Hansen,N,1,0,1
3,website_domain_match,1,001Px00000Vvo8DIAR,Clark Hill PLC,www.clarkhill.com,2021-01-20T19:35:08.000+0000,34,925,215,0016g00001AOPhUAAX,Partenheimer Mick Immigration Law LLC,www.clarkhill.com,2021-01-20T20:32:38.000+0000,Kamyar Jannati,N,1,1,1
3,website_domain_match,1,0016g00001ANy9vAAD,Corrs Chambers Westgarth,www.corrs.com.au,2021-01-20T19:37:52.000+0000,12,712,415,001Px00000VvpdAIAR,Gavin Maclaren,corrs.com.au,2025-11-13T10:22:54.000+0000,Kieran Hansen,N,1,1,3
3,website_domain_match,1,0016g00001ANzSKAA1,Davis Polk & Wardwell LLP,www.davispolk.com,2021-01-20T19:40:24.000+0000,15,1312,1331,001Px00000Vvsf8IAB,Craig Bergman,davispolk.com,2025-11-13T10:23:00.000+0000,Kieran Hansen,N,1,0,3
3,website_domain_match,1,001Px00000VvbOnIAJ,Dorsey & Whitney LLP,www.dorsey.com,2021-01-20T19:42:55.000+0000,22,543,489,001Tm00000MtCFVIA3,Phillip Maier,dorsey.com,2025-09-04T10:04:34.000+0000,Kieran Hansen,N,1,1,0
3,website_domain_match,1,001Px00000VvbOZIAZ,Dykema Gossett PLLC,www.dykema.com,2021-01-20T19:43:56.000+0000,22,312,115,0016g00001AOVeEAAX,Schwartz Cooper Chartered,www.dykema.com,2021-01-20T20:44:39.000+0000,Kamyar Jannati,N,2,2,1
3,website_domain_match,1,001Px00000Vva9jIAB,"Gordon Rees Scully Mansukhani, LLP",www.grsm.com,2021-01-20T19:54:58.000+0000,50,327,260,001Tm00000MtCG7IAN,Pj Moran,grsm.com,2025-09-04T10:04:34.000+0000,Kieran Hansen,N,1,1,1
3,website_domain_match,1,0016g00001AO8xPAAT,"Herrick, Feinstein LLP",www.herrick.com,2021-01-20T19:58:45.000+0000,5,96,122,0016g00001AOK7tAAH,Mertzel Law PLLC,www.herrick.com,2021-01-20T20:21:08.000+0000,Kamyar Jannati,N,1,29,1
3,website_domain_match,1,0016g00001AOD7SAAX,Jones Walker LLP,www.joneswalker.com,2021-01-20T20:07:27.000+0000,13,209,177,0016g00001AOgCEAA1,Watkins Ludlam Winter and Stennis PA,www.joneswalker.com,2021-01-20T21:04:02.000+0000,Kamyar Jannati,N,1,1,0
3,website_domain_match,1,001Px00000Vvs5iIAB,Linklaters LLP,www.linklaters.com,2021-01-20T20:15:29.000+0000,41,4656,2305,001Px00000VvwXmIAJ,Arthur Peng,linklaters.com,2025-11-13T10:23:30.000+0000,Kieran Hansen,N,1,0,2
3,website_domain_match,1,0016g00001AOHKvAAP,Littler Mendelson P.C.,www.littler.com,2021-01-20T19:59:49.000+0000,73,1793,461,0014L00000WEvKoQAL,Enevold Advokatfirma,www.littler.com,2022-09-21T15:56:14.000+0000,Kieran Hansen,N,1,1,0
3,website_domain_match,1,0016g00001AOHKvAAP,Littler Mendelson P.C.,www.littler.com,2021-01-20T19:59:49.000+0000,73,1793,461,0014L00000WF2vvQAD,Juan Carlos Varela & Asociados,www.littler.com,2022-09-22T13:00:45.000+0000,Kieran Hansen,N,1,9,2
3,website_domain_match,1,0016g00001AOHKvAAP,Littler Mendelson P.C.,www.littler.com,2021-01-20T19:59:49.000+0000,73,1793,461,0016g00001AOVdZAAX,Schuster Aguiló LLC,www.littler.com,2021-01-20T20:44:39.000+0000,Kamyar Jannati,N,1,25,1
3,website_domain_match,1,0016g00001AOHiJAAX,Lowenstein Sandler LLP,www.lowenstein.com,2021-01-20T20:16:25.000+0000,7,277,318,001Px00000VvoRTIAZ,Lowenstein Consulting,lowenstein.com,2025-11-13T10:24:11.000+0000,Kieran Hansen,N,1,1,0
3,website_domain_match,1,0016g00001AOHiJAAX,Lowenstein Sandler LLP,www.lowenstein.com,2021-01-20T20:16:25.000+0000,7,277,318,001Px00000VwUFsIAN,Lowenstein Holding,www.lowenstein.com,2025-11-13T11:45:37.000+0000,Kieran Hansen,N,1,1,0
3,website_domain_match,1,001Px00000VvaqoIAB,"Marshall Dennehey Warner Coleman & Goggin, P.C.",www.marshalldennehey.com,2021-01-20T20:18:48.000+0000,19,118,227,001Px00000VwRO3IAN,"John J. Hare, Ra, Pe, Pp",marshalldennehey.com,2025-11-13T11:46:03.000+0000,Kieran Hansen,N,1,1,0
3,website_domain_match,1,0016g00001AOLbIAAX,"Morgan, Lewis & Bockius LLP",www.morganlewis.com,2021-01-20T20:24:02.000+0000,40,3786,1961,001Px00000VvQmdIAF,"Brady , D",www.morganlewis.com,2025-11-13T10:00:07.000+0000,Kieran Hansen,N,1,3,2
3,website_domain_match,1,001Px00000VviUAIAZ,"Offit Kurman, P.A.",www.offitkurman.com,2021-01-20T20:29:55.000+0000,23,354,75,001Px00000VvMzQIAV,Diana Roskies,www.offitkurman.com,2025-11-13T09:50:51.000+0000,Kieran Hansen,N,1,1,0
3,website_domain_match,1,001Px00000VviUAIAZ,"Offit Kurman, P.A.",www.offitkurman.com,2021-01-20T20:29:55.000+0000,23,354,75,001Px00000VwZkjIAF,Scott Piekarsky,offitkurman.com,2025-11-13T11:46:50.000+0000,Kieran Hansen,N,1,1,0
3,website_domain_match,1,001Px00000VvpWQIAZ,Perkins Coie LLP,www.perkinscoie.com,2021-01-20T20:33:56.000+0000,34,1914,927,001Px00000VvdkuIAB,"Blais, Robert E",perkinscoie.com,2025-11-13T09:49:44.000+0000,Kieran Hansen,N,1,1,0
3,website_domain_match,1,0016g00001AOTxNAAX,Robinson & Cole LLP,www.rc.com,2021-01-20T20:41:18.000+0000,8,242,177,0016g00001AOTnKAAX,Riverside County,www.rc.com,2021-01-20T20:40:57.000+0000,Kamyar Jannati,Y,2,3,3
3,website_domain_match,1,0016g00001AOVKNAA5,Saul Ewing LLP,www.saul.com,2021-01-20T20:44:04.000+0000,24,335,269,001Px00000VvZ2xIAF,"General Security Consultants, Inc",saul.com,2025-11-13T10:01:24.000+0000,Kieran Hansen,N,1,1,0
3,website_domain_match,1,001Px00000VvhWzIAJ,Shutts & Bowen LLP,www.shutts.com,2021-01-20T20:46:48.000+0000,8,121,71,001Px00000VvoQmIAJ,The Juliard School,shutts.com,2025-11-13T10:23:16.000+0000,Kieran Hansen,N,1,1,0
3,website_domain_match,1,0016g00001AO596AAD,"Smith, Gambrell & Russell, LLP",www.sgrlaw.com,2021-01-20T19:51:21.000+0000,18,440,295,001Px00000VyAxtIAF,Gambrell Financial Advisors Inc,www.sgrlaw.com,2025-11-13T16:23:35.000+0000,Kieran Hansen,N,1,1,0
3,website_domain_match,1,0016g00001AOZ77AAH,Stinson LLP,www.stinson.com,2021-01-20T20:50:36.000+0000,17,335,294,0016g00001AOhwyAAD,Zimolong LLC,www.stinson.com,2021-01-20T21:07:34.000+0000,Kamyar Jannati,N,1,1,0
3,website_domain_match,1,0016g00001AOdd3AAD,Tucker Ellis LLP,www.tuckerellis.com,2021-01-20T20:58:56.000+0000,15,160,91,001Px00000VvmieIAB,Diana Gerstel,tuckerellis.com,2025-11-13T11:45:23.000+0000,Kieran Hansen,N,1,2,1
3,website_domain_match,1,001Px00000VvsClIAJ,V&T Law Firm,www.vtlaw.cn,2021-01-20T21:01:14.000+0000,3,24,13,0016g00001AOfruAAD,VT,www.vtlaw.cn,2021-01-20T21:03:23.000+0000,Kamyar Jannati,N,1,10,3
3,website_domain_match,1,0016g00001AOfpAAAT,"Vorys, Sater, Seymour and Pease LLP",www.vorys.com,2021-01-20T21:03:17.000+0000,10,264,148,001Px00000cAYH6IAO,EXPORT-IMPORT BANK OF THE UNITED STATES,vorys.com,2021-02-25T14:44:47.000+0000,Kieran Hansen,N,1,0,0
