g300_id,alias,note
001Px00000Vvm5wIAB,McDermott Will & Emery,"2025 merger with Schulte Roth & Zabel; review found duplicate 001Px00000heZNtIAM"
001Px00000Vvm5wIAB,Schulte Roth & Zabel,2025 merger
001Px00000VvNViIAN,Hunton & Williams,"2018 merger with Andrews Kurth; review found duplicates 001Px00000j52e4IAA, 001Px00000j52e5IAA"
001Px00000VvNViIAN,Andrews Kurth,2018 merger
001Px00000VwYp5IAF,Womble Carlyle Sandridge & Rice,"2017 merger with Bond Dickinson; review found duplicate 001Px00000j5HN0IAM"
001Px00000VwYp5IAF,Bond Dickinson,2017 merger
0016g00001AODvqAAH,Kelley Drye,"short brand; review found duplicates 001Px00000j5ORBIA2, 001Px00000jAKppIAG"
001Px00000VvfTpIAJ,Allen & Overy,2024 merger with Shearman & Sterling
001Px00000VvfTpIAJ,Shearman & Sterling,2024 merger
001Px00000VvfTpIAJ,A&O Shearman,"current brand; review found duplicate 001Px00000hloUuIAI"
0016g00001ANtcKAAT,Bryan Cave,2018 merger with Berwin Leighton Paisner
0016g00001ANtcKAAT,Berwin Leighton Paisner,2018 merger
0016g00001ANtcKAAT,BCLP,brand abbreviation
0016g00001AOgrVAAT,WilmerHale,brand
0016g00001AOgrVAAT,Hale and Dorr,2004 merger
0016g00001AO496AAD,Field Fisher Waterhouse,"former name; review found duplicate 001Px00000VxZRXIA3"
0016g00001AOdUoAAL,Troutman Sanders,2020 merger with Pepper Hamilton
0016g00001AOdUoAAL,Pepper Hamilton,2020 merger
0016g00001AOdUoAAL,Locke Lord,2025 merger
001Px00000VvUjPIAV,Drinker Biddle & Reath,2020 merger with Faegre Baker Daniels
001Px00000VvUjPIAV,Faegre Baker Daniels,2020 merger
0016g00001AO6I7AAL,Frost Brown Todd,"2025 merger with Gibbons; G300-flagged 001Px00000j5PGuIAM carries this name"
001Px00000VvZULIA3,Squire Sanders,2014 merger with Patton Boggs
001Px00000VvZULIA3,Patton Boggs,2014 merger
001Px00000VvsMqIAJ,Herbert Smith Freehills,2025 merger with Kramer Levin
001Px00000VvsMqIAJ,Kramer Levin Naftalis & Frankel,2025 merger
001Px00000VvlIsIAJ,Hogan & Hartson,2010 merger with Lovells
001Px00000VvZUUIA3,Fulbright & Jaworski,2013 combination with Norton Rose
001Px00000VvbwmIAB,Sutherland Asbill & Brennan,2017 combination with Eversheds
001Px00000VvMHCIA3,Lathrop Gage,2020 merger with Gray Plant Mooty
001Px00000VvMHCIA3,Gray Plant Mooty,2020 merger
001Px00000VvNUXIA3,Withers,"short brand; review found duplicate 001Px00000hecUDIAY"
0016g00001ANqcEAAT,"Ober, Kaler, Grimes & Shriver","former name; 26 Sep recall check found 001Px00000j5KMSIA2, 0016g00001AOOA4AAP, 001Px00000Vy9DgIAJ (live duplicate from a 2026 bulk load)"
0016g00001ANqfwAAD,Lindquist & Vennum,"former name; 26 Sep recall check found 0016g00001AOHCIAA5, 001Px00000VxQ0dIAF"
0016g00001ANsRWAA1,Dickstein Shapiro,former name; 26 Sep recall check found 001Px00000VvbNuIAJ
0016g00001ANt3wAAD,"Boult, Cummings, Conners & Berry",former name; 26 Sep recall check found 0016g00001ANswWAAT
0016g00001ANtcKAAT,Holme Roberts & Owen,former name; 26 Sep recall check found 0016g00001AO9RoAAL
0016g00001ANtcKAAT,Powell Goldstein,former name; 26 Sep recall check found 0016g00001AORMMAA5
0016g00001ANtv7AAD,McNair Law Firm,"former name; 26 Sep recall check found 001Px00000VvlJDIAZ, 001Px00000VxT6UIAV, 0016g00001AOJeTAAX"
0016g00001ANx1bAAD,Cameron McKenna,former name; 26 Sep recall check found 0016g00001ANuUcAAL
0016g00001ANx1bAAD,Nabarro,former name; 26 Sep recall check found 001Px00000Vy2dfIAB
0016g00001ANx1bAAD,Olswang,former name; 26 Sep recall check found 001Px00000VyAtxIAF
0016g00001ANuvPAAT,Jorden Burt,former name; 26 Sep recall check found 001Px00000VxJ46IAF
0016g00001ANvsjAAD,Speechly Bircham,former name; 26 Sep recall check found 001Px00000cAbOnIAK
001Px00000Vvo8DIAR,Strasburger & Price,former name; 26 Sep recall check (record Id not confirmed)
001Px00000Vvo8DIAR,Thorp Reed & Armstrong,former name; 26 Sep recall check found 001Px00000VvbcSIAR
0016g00001ANrupAAD,Berrymans Lace Mawer,former name; 26 Sep recall check found 001Px00000Vy4otIAB
001Px00000VwYV4IAN,Amarchand Mangaldas,former name; 26 Sep recall check found 001Px00000VwQmzIAF
0016g00001AOWTRAA5,Amarchand Mangaldas,former name; 26 Sep recall check found 001Px00000VwQmzIAF
001Px00000VvVJ5IAN,Piper Rudnick,former name; 26 Sep recall check found 001Px00000Vy0d8IAB
001Px00000VvVJ5IAN,Gray Cary Ware & Freidenrich,former name; 26 Sep recall check found 0016g00001AO7DYAA1
001Px00000VvVJ5IAN,DLA Phillips Fox,former name; 26 Sep recall check found 001Px00000Vy2zKIAR
001Px00000VvVJ5IAN,Advokatfirma DLA Nordic,former name; 26 Sep recall check found 001Px00000Vxi5WIAR
0016g00001AOSsqAAH,Davies Wallis Foyster,former name; 26 Sep recall check found 001Px00000cAZuVIAW
0016g00001AOSsqAAH,Fishburns,former name; 26 Sep recall check found 0016g00001AO4SJAA1
0016g00001AOSsqAAH,Buller Jeffries,former name; 26 Sep recall check found 0016g00001ANtpBAAT
0016g00001AOSsqAAH,Heenan Paris,former name; 26 Sep recall check found 0016g00001AO8hcAAD
001Px00000VvOlmIAF,SNR Denton,former name; 26 Sep recall check found 001Px00000Vvt4GIAR
001Px00000VvOlmIAF,Salans FMC SNR Denton,"former name; 26 Sep recall check found 001Px00000VvNUfIAN, 001Px00000Vy2zIIAR"
001Px00000VvOlmIAF,Salans,former name; 26 Sep recall check found 0016g00001AOUvOAAX
001Px00000VvOlmIAF,Sonnenschein Nath & Rosenthal,"former name; 26 Sep recall check found 001Px00000VyAqmIAF, 001Px00000cAFU4IAO"
001Px00000VvOlmIAF,McKenna Long & Aldridge,former name; 26 Sep recall check found 0016g00001AOJb1AAH
001Px00000VvOlmIAF,Maclay Murray & Spens,former name; 26 Sep recall check found 0016g00001AOIA1AAP
001Px00000VvOlmIAF,Bingham Greenebaum Doll,former name; 26 Sep recall check found 001Px00000Vvpe9IAB
001Px00000VvOlmIAF,Cohen & Grigsby,former name; 26 Sep recall check found 001Tm00000MEDyiIAH
001Px00000VvOlmIAF,Sirote & Permutt,former name; 26 Sep recall check found 001Px00000VvmT2IAJ
001Px00000VvOlmIAF,Durham Jones & Pinegar,former name; 26 Sep recall check found 001Px00000Vwc9AIAR
001Px00000VvbOZIAZ,Cox Smith Matthews,former name; 26 Sep recall check found 0016g00001ANyMNAA1
0016g00001AO6I7AAL,Gibbons P.C.,"former name; 26 Sep recall check found 001Px00000hePQ6IAM, 001Px00000hePQ5IAM (live duplicate from a 2026 bulk load)"
0016g00001AO6I7AAL,"Gibbons, Del Deo, Dolan, Griffinger & Vecchione",former name; 26 Sep recall check found 001Px00000VxKVbIAN
001Px00000Vvic0IAB,"Bull, Housser & Tupper",former name; 26 Sep recall check found 0016g00001ANtosAAD
001Px00000VvXqMIAV,Dowling Aaron Keeler,former name; 26 Sep recall check found 001Px00000j5O8ZIAU (live duplicate from a 2026 bulk load)
001Px00000VvXqMIAV,Dowling Aaron,former name; 26 Sep recall check found 0016g00001AO0mdAAD
001Px00000VvXqMIAV,Wendel Rosen Black & Dean,former name; 26 Sep recall check found 001Px00000Vwc87IAB
0016g00001AO4imAAD,Foley Gardere,former name; 26 Sep recall check found 001Px00000Vy6rNIAR
0016g00001AO4imAAD,Gardere Wynne Sewell,"former name; 26 Sep recall check found 001Px00000VvphPIAR, 001Px00000Vy2fjIAB"
001Px00000Vvu2dIAB,Freshfields Bruckhaus Deringer,former name; 26 Sep recall check found 001Px00000VwiiQIAR
0016g00001AO73fAAD,Wragge & Co,former name; 26 Sep recall check found 0016g00001AOhH1AAL
0016g00001AO73fAAD,Lawrence Graham,former name; 26 Sep recall check found 001Px00000Vy2yGIAR
001Px00000VvsMqIAJ,Freehills,former name; 26 Sep recall check found 001Px00000VwjjSIAR
001Px00000VvlIsIAJ,Lovells,former name; 26 Sep recall check found 001Px00000VxH1WIAV
001Px00000VvPqZIAV,Thompson & Knight,former name; 26 Sep recall check found 001Px00000j5NleIAE (live duplicate from a 2026 bulk load)
0016g00001AOD7SAAX,Watkins Ludlam Winter & Stennis,former name; 26 Sep recall check found 0016g00001AOgCCAA1
001Px00000VvccoIAB,Kirkpatrick & Lockhart,former name; 26 Sep recall check found 001Px00000VvUyYIAV
001Px00000VvccoIAB,"Bell, Boyd & Lloyd",former name; 26 Sep recall check found 0016g00001ANrdHAAT
001Px00000Vvm5jIAB,Carroll McNulty & Kull,former name; 26 Sep recall check found 001Px00000Vwa9YIAR
0016g00001AOEFRAA5,Townsend and Townsend and Crew,former name; 26 Sep recall check found 0016g00001AOd3WAAT
0016g00001AOLbIAAX,Bingham McCutchen,"former name; 26 Sep recall check found 001Px00000Vwa9cIAB, 001Px00000VwimqIAB"
0016g00001ANtRdAAL,Broad and Cassel,former name; 26 Sep recall check found 0014L00000lQNMTQA4
001Px00000VvZUUIA3,Chadbourne & Parke,"former name; 26 Sep recall check found 001Px00000VvlL8IAJ, 001Px00000Vvb8zIAB"
001Px00000VvZUUIA3,Macleod Dixon,former name; 26 Sep recall check found 0016g00001AOIABAA5
001Px00000VvZUUIA3,Ogilvy Renault,former name; 26 Sep recall check found 0016g00001AOONeAAP
001Px00000VvZUUIA3,Henry Davis York,former name; 26 Sep recall check found 001Px00000Vxi6NIAR
001Px00000VvpWQIAZ,Brown & Bain,former name; 26 Sep recall check found 0016g00001ANtX2AAL
0016g00001AOQqBAAX,Pinsent Curtis Biddle,former name; 26 Sep recall check found 0016g00001AOQqAAAX
0016g00001AORBZAA5,Shughart Thomson & Kilroy,former name; 26 Sep recall check found 0016g00001AOWn8AAH
0016g00001AOVKNAA5,Arnstein & Lehr,"former name; 26 Sep recall check found 0016g00001ANpDQAA1, 001Px00000Vwu02IAB"
0016g00001AOYIDAA5,Golenbock Eiseman Assor Bell & Peskoe,"former name; 26 Sep recall check found 0016g00001AO6rjAAD, 001Px00000VxdjPIAR"
0016g00001AOYIDAA5,Bone McAllester Norton,former name; 26 Sep recall check found 0016g00001ANsnAAAT
001Px00000VvZULIA3,Hammonds,former name; 26 Sep recall check found 0016g00001AO87FAAT
0016g00001AOZ77AAH,"Leonard, Street and Deinard",former name; 26 Sep recall check found 0016g00001AOGi5AAH
0016g00001AOaGuAAL,Briggs and Morgan,former name; 26 Sep recall check found 0016g00001ANtKbAAL
0016g00001AOaGuAAL,Jaffe Raitt Heuer & Weiss,former name; 26 Sep recall check found 0016g00001AOCPwAAP
0016g00001AOaGuAAL,Sherman & Howard,former name; 26 Sep recall check found 0016g00001AOWeIAAX
0016g00001AOcTHAA1,Hahn & Hessen,former name; 26 Sep recall check found 0016g00001AO7yGAAT
0016g00001AOdUoAAL,Edwards Wildman Palmer,"former name; 26 Sep recall check found 0016g00001AO1ioAAD, 001Px00000VvvMrIAJ, 001Px00000VwvYTIAZ"
0016g00001AOdUoAAL,Edwards Angell Palmer & Dodge,former name; 26 Sep recall check found 0016g00001AO1iOAAT
0016g00001AOfBkAAL,"Fitzpatrick, Cella, Harper & Scinto","former name; 26 Sep recall check found 001Tm0000094gLGIAY, 001Px00000cAcL3IAK"
0016g00001AOgCiAAL,Radcliffes Le Brasseur,former name; 26 Sep recall check found 001Px00000VyAmWIAV
001Px00000VwYp5IAF,Dickinson Dees,former name; 26 Sep recall check found 0016g00001AO0G7AAL
001Px00000VwYp5IAF,Rothgerber Johnson & Lyons,former name; 26 Sep recall check found 0016g00001AOUI1AAP
