"sf__Id","sf__Created",AssigneeId,PermissionSetGroupId
"0PaPx00000Lq3k5KAB","true","0054L000000yVI3QAM","0PGPx0000001D6TOAU"
"0PaPx00000Lq3k6KAB","true","0054L000001164IQAQ","0PGPx0000001D6TOAU"
"0PaPx00000Lq3k7KAB","true","0054L000002cExCQAU","0PGPx0000001D6TOAU"
"0PaPx00000Lq3k8KAB","true","0054L000002cHnpQAE","0PGPx0000001D6TOAU"
"0PaPx00000Lq3k9KAB","true","0054L000002cIUGQA2","0PGPx0000001D6TOAU"
"0PaPx00000Lq3kAKAR","true","0054L000002pjknQAA","0PGPx0000001D6TOAU"
"0PaPx00000Lq3kBKAR","true","0054L000002pmejQAA","0PGPx0000001D6TOAU"
"0PaPx00000Lq3kCKAR","true","0054L000002pqdrQAA","0PGPx0000001D6TOAU"
"0PaPx00000Lq3kDKAR","true","0054L000002pvxWQAQ","0PGPx0000001D6TOAU"
"0PaPx00000Lq3kEKAR","true","0054L000002pzHlQAI","0PGPx0000001D6TOAU"
"0PaPx00000Lq3kFKAR","true","0054L000002q2JYQAY","0PGPx0000001D6TOAU"
"0PaPx00000Lq3kGKAR","true","0054L000002ruHvQAI","0PGPx0000001D6TOAU"
"0PaPx00000Lq3kHKAR","true","0054L000003kLUGQA2","0PGPx0000001D6TOAU"
"0PaPx00000Lq3kIKAR","true","0054L000003kOINQA2","0PGPx0000001D6TOAU"
"0PaPx00000Lq3kJKAR","true","0054L000003z1ZXQAY","0PGPx0000001D6TOAU"
"0PaPx00000Lq3kKKAR","true","0054L0000048C1oQAE","0PGPx0000001D6TOAU"
"0PaPx00000Lq3kLKAR","true","0054L0000048E8NQAU","0PGPx0000001D6TOAU"
"0PaPx00000Lq3kMKAR","true","0054L0000048E8OQAU","0PGPx0000001D6TOAU"
"0PaPx00000Lq3kNKAR","true","0054L0000048GrLQAU","0PGPx0000001D6TOAU"
"0PaPx00000Lq3kOKAR","true","0054L0000048H7oQAE","0PGPx0000001D6TOAU"
"0PaPx00000Lq3kPKAR","true","0054L0000048INEQA2","0PGPx0000001D6TOAU"
"0PaPx00000Lq3kQKAR","true","0054L0000048InRQAU","0PGPx0000001D6TOAU"
"0PaPx00000Lq3kRKAR","true","0054L0000048Iu3QAE","0PGPx0000001D6TOAU"
"0PaPx00000Lq3kSKAR","true","0054L0000048LYvQAM","0PGPx0000001D6TOAU"
"0PaPx00000Lq3kTKAR","true","0054L0000048M9kQAE","0PGPx0000001D6TOAU"
"0PaPx00000Lq3kUKAR","true","0054L000005y0tMQAQ","0PGPx0000001D6TOAU"
"0PaPx00000Lq3kVKAR","true","0054L000005y0tbQAA","0PGPx0000001D6TOAU"
"0PaPx00000Lq3kWKAR","true","0054L000005y1ppQAA","0PGPx0000001D6TOAU"
"0PaPx00000Lq3kXKAR","true","0054L000005y29QQAQ","0PGPx0000001D6TOAU"
"0PaPx00000Lq3kYKAR","true","0054L000005y2a2QAA","0PGPx0000001D6TOAU"
"0PaPx00000Lq3kZKAR","true","0054L000005y2wsQAA","0PGPx0000001D6TOAU"
"0PaPx00000Lq3kaKAB","true","0054L000005y3h0QAA","0PGPx0000001D6TOAU"
"0PaPx00000Lq3kbKAB","true","0054L000005y45HQAQ","0PGPx0000001D6TOAU"
"0PaPx00000Lq3kcKAB","true","0054L000005y525QAA","0PGPx0000001D6TOAU"
"0PaPx00000Lq3kdKAB","true","0054L000005y7OWQAY","0PGPx0000001D6TOAU"
"0PaPx00000Lq3keKAB","true","0054L000005y7VAQAY","0PGPx0000001D6TOAU"
"0PaPx00000Lq3kfKAB","true","0054L000005y7ZtQAI","0PGPx0000001D6TOAU"
"0PaPx00000Lq3kgKAB","true","0054L0000067k4ZQAQ","0PGPx0000001D6TOAU"
"0PaPx00000Lq3khKAB","true","0054L0000067lMxQAI","0PGPx0000001D6TOAU"
"0PaPx00000Lq3kiKAB","true","0054L0000067lRTQAY","0PGPx0000001D6TOAU"
"0PaPx00000Lq3kjKAB","true","0054L0000067lqnQAA","0PGPx0000001D6TOAU"
"0PaPx00000Lq3kkKAB","true","0054L000006iaBPQAY","0PGPx0000001D6TOAU"
"0PaPx00000Lq3klKAB","true","0056g000004G0DvAAK","0PGPx0000001D6TOAU"
"0PaPx00000Lq3kmKAB","true","0056g000005rqyQAAQ","0PGPx0000001D6TOAU"
"0PaPx00000Lq3knKAB","true","0056g000005rqycAAA","0PGPx0000001D6TOAU"
"0PaPx00000Lq3koKAB","true","0056g000005rqygAAA","0PGPx0000001D6TOAU"
"0PaPx00000Lq3kpKAB","true","0056g000005rqylAAA","0PGPx0000001D6TOAU"
"0PaPx00000Lq3kqKAB","true","0056g000005rqyqAAA","0PGPx0000001D6TOAU"
"0PaPx00000Lq3krKAB","true","0056g000005rqyyAAA","0PGPx0000001D6TOAU"
"0PaPx00000Lq3ksKAB","true","0056g000005rqzDAAQ","0PGPx0000001D6TOAU"
"0PaPx00000Lq3ktKAB","true","0056g000005rqzOAAQ","0PGPx0000001D6TOAU"
"0PaPx00000Lq3kuKAB","true","0056g000005rqzUAAQ","0PGPx0000001D6TOAU"
"0PaPx00000Lq3kvKAB","true","0056g000005rqzZAAQ","0PGPx0000001D6TOAU"
"0PaPx00000Lq3kwKAB","true","0056g000005rqzeAAA","0PGPx0000001D6TOAU"
"0PaPx00000Lq3kxKAB","true","0056g000005rqztAAA","0PGPx0000001D6TOAU"
"0PaPx00000Lq3kyKAB","true","0056g000005rqzuAAA","0PGPx0000001D6TOAU"
"0PaPx00000Lq3kzKAB","true","0056g000005rr0QAAQ","0PGPx0000001D6TOAU"
"0PaPx00000Lq3l0KAB","true","0056g000005rr0sAAA","0PGPx0000001D6TOAU"
"0PaPx00000Lq3l1KAB","true","0056g000005rr0xAAA","0PGPx0000001D6TOAU"
"0PaPx00000Lq3l2KAB","true","0056g000005rr11AAA","0PGPx0000001D6TOAU"
"0PaPx00000Lq3l3KAB","true","0056g000005rr16AAA","0PGPx0000001D6TOAU"
"0PaPx00000Lq3l4KAB","true","0056g000005rr18AAA","0PGPx0000001D6TOAU"
"0PaPx00000Lq3l5KAB","true","0056g000005rr19AAA","0PGPx0000001D6TOAU"
"0PaPx00000Lq3l6KAB","true","0056g000005rr2BAAQ","0PGPx0000001D6TOAU"
"0PaPx00000Lq3l7KAB","true","0056g000005rr2EAAQ","0PGPx0000001D6TOAU"
"0PaPx00000Lq3l8KAB","true","0056g000005rr2OAAQ","0PGPx0000001D6TOAU"
"0PaPx00000Lq3l9KAB","true","0056g000005rr2PAAQ","0PGPx0000001D6TOAU"
"0PaPx00000Lq3lAKAR","true","0056g000005rr2VAAQ","0PGPx0000001D6TOAU"
"0PaPx00000Lq3lBKAR","true","0056g000005s4gaAAA","0PGPx0000001D6TOAU"
"0PaPx00000Lq3lCKAR","true","0056g000005shq8AAA","0PGPx0000001D6TOAU"
"0PaPx00000Lq3lDKAR","true","005Px000009DOVZIA4","0PGPx0000001D6TOAU"
"0PaPx00000Lq3lEKAR","true","005Px000009NBfoIAG","0PGPx0000001D6TOAU"
"0PaPx00000Lq3lFKAR","true","005Px000009R9TRIA0","0PGPx0000001D6TOAU"
"0PaPx00000Lq3lGKAR","true","005Px000009aCqHIAU","0PGPx0000001D6TOAU"
"0PaPx00000Lq3lHKAR","true","005Px000009fBBUIA2","0PGPx0000001D6TOAU"
"0PaPx00000Lq3lIKAR","true","005Px000009fBBWIA2","0PGPx0000001D6TOAU"
"0PaPx00000Lq3lJKAR","true","005Px000009fBBgIAM","0PGPx0000001D6TOAU"
"0PaPx00000Lq3lKKAR","true","005Px000009fBBhIAM","0PGPx0000001D6TOAU"
"0PaPx00000Lq3lLKAR","true","005Px000009fBBkIAM","0PGPx0000001D6TOAU"
"0PaPx00000Lq3lMKAR","true","005Px000009fBBnIAM","0PGPx0000001D6TOAU"
"0PaPx00000Lq3lNKAR","true","005Px000009fBBoIAM","0PGPx0000001D6TOAU"
"0PaPx00000Lq3lOKAR","true","005Px000009fBBqIAM","0PGPx0000001D6TOAU"
"0PaPx00000Lq3lPKAR","true","005Px000009fBBrIAM","0PGPx0000001D6TOAU"
"0PaPx00000Lq3lQKAR","true","005Px000009fBBsIAM","0PGPx0000001D6TOAU"
"0PaPx00000Lq3lRKAR","true","005Px000009fBBvIAM","0PGPx0000001D6TOAU"
"0PaPx00000Lq3lSKAR","true","005Px000009fBBwIAM","0PGPx0000001D6TOAU"
"0PaPx00000Lq3lTKAR","true","005Px000009fBByIAM","0PGPx0000001D6TOAU"
"0PaPx00000Lq3lUKAR","true","005Px000009fBBzIAM","0PGPx0000001D6TOAU"
"0PaPx00000Lq3lVKAR","true","005Px000009fBC0IAM","0PGPx0000001D6TOAU"
"0PaPx00000Lq3lWKAR","true","005Px000009fBFFIA2","0PGPx0000001D6TOAU"
"0PaPx00000Lq3lXKAR","true","005Px000009fBFIIA2","0PGPx0000001D6TOAU"
"0PaPx00000Lq3lYKAR","true","005Px000009fBFLIA2","0PGPx0000001D6TOAU"
"0PaPx00000Lq3lZKAR","true","005Px000009fBFMIA2","0PGPx0000001D6TOAU"
"0PaPx00000Lq3laKAB","true","005Px000009fBFOIA2","0PGPx0000001D6TOAU"
"0PaPx00000Lq3lbKAB","true","005Px000009fBFPIA2","0PGPx0000001D6TOAU"
"0PaPx00000Lq3lcKAB","true","005Px000009fBFQIA2","0PGPx0000001D6TOAU"
"0PaPx00000Lq3ldKAB","true","005Px000009fBFRIA2","0PGPx0000001D6TOAU"
"0PaPx00000Lq3leKAB","true","005Px000009fBFSIA2","0PGPx0000001D6TOAU"
"0PaPx00000Lq3lfKAB","true","005Px000009fBFTIA2","0PGPx0000001D6TOAU"
"0PaPx00000Lq3lgKAB","true","005Px000009fBFUIA2","0PGPx0000001D6TOAU"
"0PaPx00000Lq3lhKAB","true","005Px000009fBFWIA2","0PGPx0000001D6TOAU"
"0PaPx00000Lq3liKAB","true","005Px000009fBFaIAM","0PGPx0000001D6TOAU"
"0PaPx00000Lq3ljKAB","true","005Px000009fBFdIAM","0PGPx0000001D6TOAU"
"0PaPx00000Lq3lkKAB","true","005Px000009fQcUIAU","0PGPx0000001D6TOAU"
"0PaPx00000Lq3llKAB","true","005Px000009gIZdIAM","0PGPx0000001D6TOAU"
"0PaPx00000Lq3lmKAB","true","005Px000009kxXlIAI","0PGPx0000001D6TOAU"
"0PaPx00000Lq3lnKAB","true","005Px000009o6HxIAI","0PGPx0000001D6TOAU"
"0PaPx00000Lq3loKAB","true","005Px000009u2pxIAA","0PGPx0000001D6TOAU"
"0PaPx00000Lq3lpKAB","true","005Px000009u2pyIAA","0PGPx0000001D6TOAU"
"0PaPx00000Lq3lqKAB","true","005Px00000A9kvVIAR","0PGPx0000001D6TOAU"
"0PaPx00000Lq3lrKAB","true","005Px00000AUcA9IAL","0PGPx0000001D6TOAU"
"0PaPx00000Lq3lsKAB","true","005Px00000Aa1eAIAR","0PGPx0000001D6TOAU"
"0PaPx00000Lq3ltKAB","true","005Px00000AnP7ZIAV","0PGPx0000001D6TOAU"
"0PaPx00000Lq3luKAB","true","005Px00000At2xtIAB","0PGPx0000001D6TOAU"
"0PaPx00000Lq3lvKAB","true","005Px00000B4F5NIAV","0PGPx0000001D6TOAU"
"0PaPx00000Lq3lwKAB","true","005Px00000B4WmAIAV","0PGPx0000001D6TOAU"
"0PaPx00000Lq3lxKAB","true","005Px00000B8okUIAR","0PGPx0000001D6TOAU"
"0PaPx00000Lq3lyKAB","true","005Px00000BKlR3IAL","0PGPx0000001D6TOAU"
"0PaPx00000Lq3lzKAB","true","005Px00000BN4MLIA1","0PGPx0000001D6TOAU"
"0PaPx00000Lq3m0KAB","true","005Px00000BN4MMIA1","0PGPx0000001D6TOAU"
"0PaPx00000Lq3m1KAB","true","005Px00000BWzMzIAL","0PGPx0000001D6TOAU"
"0PaPx00000Lq3m2KAB","true","005Px00000BbhSfIAJ","0PGPx0000001D6TOAU"
"0PaPx00000Lq3m3KAB","true","005Px00000Bje4cIAB","0PGPx0000001D6TOAU"
"0PaPx00000Lq3m4KAB","true","005Px00000Bje4fIAB","0PGPx0000001D6TOAU"
"0PaPx00000Lq3m5KAB","true","005Px00000Bje4gIAB","0PGPx0000001D6TOAU"
"0PaPx00000Lq3m6KAB","true","005Px00000Bje4hIAB","0PGPx0000001D6TOAU"
"0PaPx00000Lq3m7KAB","true","005Px00000BojRpIAJ","0PGPx0000001D6TOAU"
"0PaPx00000Lq3m8KAB","true","005Px00000Bt8hlIAB","0PGPx0000001D6TOAU"
"0PaPx00000Lq3m9KAB","true","005Px00000C8t3eIAB","0PGPx0000001D6TOAU"
"0PaPx00000Lq3mAKAR","true","005Px00000CEtAcIAL","0PGPx0000001D6TOAU"
"0PaPx00000Lq3mBKAR","true","005Px00000CL2eEIAT","0PGPx0000001D6TOAU"
"0PaPx00000Lq3mCKAR","true","005Px00000CWQq5IAH","0PGPx0000001D6TOAU"
"0PaPx00000Lq3mDKAR","true","005Tm0000005qh9IAA","0PGPx0000001D6TOAU"
"0PaPx00000Lq3mEKAR","true","005Tm0000006BgjIAE","0PGPx0000001D6TOAU"
"0PaPx00000Lq3mFKAR","true","005Tm0000008oXWIAY","0PGPx0000001D6TOAU"
"0PaPx00000Lq3mGKAR","true","005Tm000000BjcvIAC","0PGPx0000001D6TOAU"
"0PaPx00000Lq3mHKAR","true","005Tm000000DvN3IAK","0PGPx0000001D6TOAU"
"0PaPx00000Lq3mIKAR","true","005Tm000000Hh7XIAS","0PGPx0000001D6TOAU"
"0PaPx00000Lq3mJKAR","true","005Tm000000K02HIAS","0PGPx0000001D6TOAU"
"0PaPx00000Lq3mKKAR","true","005Tm000000TwDWIA0","0PGPx0000001D6TOAU"
"0PaPx00000Lq3mLKAR","true","005Tm000000X0MDIA0","0PGPx0000001D6TOAU"
"0PaPx00000Lq3mMKAR","true","005Tm000000X0MEIA0","0PGPx0000001D6TOAU"
"0PaPx00000Lq3mNKAR","true","005Tm000000YKQvIAO","0PGPx0000001D6TOAU"
"0PaPx00000Lq3mOKAR","true","005Tm000000aaEfIAI","0PGPx0000001D6TOAU"
"0PaPx00000Lq3mPKAR","true","005Tm000000ct57IAA","0PGPx0000001D6TOAU"
"0PaPx00000Lq3mQKAR","true","005Tm000000gaezIAA","0PGPx0000001D6TOAU"
"0PaPx00000Lq3mRKAR","true","005Tm000000huOjIAI","0PGPx0000001D6TOAU"
"0PaPx00000Lq3mSKAR","true","005Tm000000o2ORIAY","0PGPx0000001D6TOAU"
"0PaPx00000Lq3mTKAR","true","005Tm000000uZXmIAM","0PGPx0000001D6TOAU"
"0PaPx00000Lq3mUKAR","true","005Tm000000uZXnIAM","0PGPx0000001D6TOAU"
"0PaPx00000Lq3mVKAR","true","005Tm000000uZXpIAM","0PGPx0000001D6TOAU"
"0PaPx00000Lq3mWKAR","true","005Tm000000uZXqIAM","0PGPx0000001D6TOAU"
"0PaPx00000Lq3mXKAR","true","005Tm000000ypviIAA","0PGPx0000001D6TOAU"
"0PaPx00000Lq3mYKAR","true","005Tm000000zxPlIAI","0PGPx0000001D6TOAU"
"0PaPx00000Lq3mZKAR","true","005Tm0000010mk1IAA","0PGPx0000001D6TOAU"
"0PaPx00000Lq3maKAB","true","005Tm00000113ZZIAY","0PGPx0000001D6TOAU"
"0PaPx00000Lq3mbKAB","true","005Tm00000115EoIAI","0PGPx0000001D6TOAU"
"0PaPx00000Lq3mcKAB","true","005Tm0000013ggXIAQ","0PGPx0000001D6TOAU"
"0PaPx00000Lq3mdKAB","true","005Tm0000014PorIAE","0PGPx0000001D6TOAU"
"0PaPx00000Lq3meKAB","true","005Tm0000017YVqIAM","0PGPx0000001D6TOAU"
"0PaPx00000Lq3mfKAB","true","005Tm000001BJMvIAO","0PGPx0000001D6TOAU"
"0PaPx00000Lq3mgKAB","true","005Tm000001BLbdIAG","0PGPx0000001D6TOAU"
"0PaPx00000Lq3mhKAB","true","005Tm000001BNGrIAO","0PGPx0000001D6TOAU"
"0PaPx00000Lq3miKAB","true","005Tm000001BmwnIAC","0PGPx0000001D6TOAU"
"0PaPx00000Lq3mjKAB","true","005Tm000001DcIDIA0","0PGPx0000001D6TOAU"
"0PaPx00000Lq3mkKAB","true","005Tm000001IqlxIAC","0PGPx0000001D6TOAU"
"0PaPx00000Lq3mlKAB","true","005Tm000001JILdIAO","0PGPx0000001D6TOAU"
"0PaPx00000Lq3mmKAB","true","005Tm000001PP7VIAW","0PGPx0000001D6TOAU"
"0PaPx00000Lq3mnKAB","true","005Tm000001Q9WvIAK","0PGPx0000001D6TOAU"
"0PaPx00000Lq3moKAB","true","005Tm000001QwUPIA0","0PGPx0000001D6TOAU"
"0PaPx00000Lq3mpKAB","true","005Tm000001WcO9IAK","0PGPx0000001D6TOAU"
"0PaPx00000Lq3mqKAB","true","005Tm000001WgWbIAK","0PGPx0000001D6TOAU"
"0PaPx00000Lq3mrKAB","true","005Tm000001XjdhIAC","0PGPx0000001D6TOAU"
"0PaPx00000Lq3msKAB","true","005Tm000001aH6bIAE","0PGPx0000001D6TOAU"
"0PaPx00000Lq3mtKAB","true","005Tm000001aVCnIAM","0PGPx0000001D6TOAU"
"0PaPx00000Lq3muKAB","true","005Tm000001akuzIAA","0PGPx0000001D6TOAU"
"0PaPx00000Lq3mvKAB","true","005Tm000001bzGsIAI","0PGPx0000001D6TOAU"
"0PaPx00000Lq3mwKAB","true","005Tm000001cLUIIA2","0PGPx0000001D6TOAU"
"0PaPx00000Lq3mxKAB","true","005Tm000001nDEsIAM","0PGPx0000001D6TOAU"
"0PaPx00000Lq3myKAB","true","005Tm000001npNNIAY","0PGPx0000001D6TOAU"
"0PaPx00000Lq3mzKAB","true","005Tm000001verNIAQ","0PGPx0000001D6TOAU"
"0PaPx00000Lq3n0KAB","true","005Tm000001y0uDIAQ","0PGPx0000001D6TOAU"
"0PaPx00000Lq3n1KAB","true","005Tm000001y0uEIAQ","0PGPx0000001D6TOAU"
"0PaPx00000Lq3n2KAB","true","005Tm000001zKfZIAU","0PGPx0000001D6TOAU"
"0PaPx00000Lq3n3KAB","true","005Tm000001zhCMIAY","0PGPx0000001D6TOAU"
"0PaPx00000Lq3n4KAB","true","005Tm00000243sbIAA","0PGPx0000001D6TOAU"
