Id,ALM_Service_Level__c
0014L00000K6rM5QAJ,Mid Touch
0014L00000MxfhcQAB,Mid Touch
0014L00000MxiQLQAZ,Tech Touch
0014L00000SPlWoQAL,Tech Touch
0014L00000TxLVmQAN,Tech Touch
0014L00000VYGsPQAX,Tech Touch
0014L00000WEeZYQA1,Low Touch
0014L00000WFUquQAH,Tech Touch
0014L00000Wu80jQAB,Tech Touch
0014L00000XNtHIQA1,Tech Touch
0014L00000XQykZQAT,Low Touch
0014L00000dlQc8QAE,Tech Touch
0014L00000k4Me6QAE,Tech Touch
0014L00000k4VluQAE,Mid Touch
0014L00000k4r85QAA,Tech Touch
0014L00000lO54DQAS,Tech Touch
0014L00000m9jL7QAI,Low Touch
0014L00000nqKGVQA2,Tech Touch
0016g00001ANlWzAAL,Tech Touch
0016g00001ANm4gAAD,Mid Touch
0016g00001ANmK3AAL,High Touch
0016g00001ANnDBAA1,High Touch
0016g00001ANnLoAAL,High Touch
0016g00001ANndmAAD,Tech Touch
0016g00001ANo7sAAD,Tech Touch
0016g00001ANoAwAAL,Low Touch
0016g00001ANoLTAA1,Tech Touch
0016g00001ANog6AAD,Low Touch
0016g00001ANpCnAAL,High Touch
0016g00001ANpIgAAL,Low Touch
0016g00001ANpSKAA1,Mid Touch
0016g00001ANpXyAAL,Mid Touch
0016g00001ANqJzAAL,Mid Touch
0016g00001ANqbFAAT,High Touch
0016g00001ANqbbAAD,High Touch
0016g00001ANqcGAAT,High Touch
0016g00001ANqfwAAD,High Touch
0016g00001ANqwUAAT,Mid Touch
0016g00001ANr1LAAT,High Touch
0016g00001ANr4aAAD,High Touch
0016g00001ANrAPAA1,Mid Touch
0016g00001ANre8AAD,Tech Touch
0016g00001ANrikAAD,High Touch
0016g00001ANroUAAT,Mid Touch
0016g00001ANrq3AAD,Mid Touch
0016g00001ANrzcAAD,Low Touch
0016g00001ANsH1AAL,Low Touch
0016g00001ANsPDAA1,Mid Touch
0016g00001ANsRWAA1,High Touch
0016g00001ANsRoAAL,Tech Touch
0016g00001ANshYAAT,Mid Touch
0016g00001ANsjEAAT,High Touch
0016g00001ANsv7AAD,Low Touch
0016g00001ANszUAAT,Tech Touch
0016g00001ANszVAAT,Tech Touch
0016g00001ANt2nAAD,High Touch
0016g00001ANt2oAAD,Mid Touch
0016g00001ANt3wAAD,High Touch
0016g00001ANtMyAAL,High Touch
0016g00001ANtRdAAL,High Touch
0016g00001ANtYLAA1,Mid Touch
0016g00001ANtbVAAT,Mid Touch
0016g00001ANtcKAAT,High Touch
0016g00001ANtseAAD,Mid Touch
0016g00001ANtstAAD,Tech Touch
0016g00001ANtv7AAD,High Touch
0016g00001ANu2bAAD,Tech Touch
0016g00001ANuIZAA1,High Touch
0016g00001ANujpAAD,Mid Touch
0016g00001ANulNAAT,Mid Touch
0016g00001ANumUAAT,Low Touch
0016g00001ANurfAAD,Low Touch
0016g00001ANurrAAD,Tech Touch
0016g00001ANuvPAAT,High Touch
0016g00001ANv1wAAD,Tech Touch
0016g00001ANv7tAAD,Tech Touch
0016g00001ANv89AAD,Tech Touch
0016g00001ANvsjAAD,High Touch
0016g00001ANwDyAAL,Mid Touch
0016g00001ANwFNAA1,High Touch
0016g00001ANwrOAAT,High Touch
0016g00001ANwtnAAD,High Touch
0016g00001ANxCqAAL,Mid Touch
0016g00001ANxMBAA1,Tech Touch
0016g00001ANxwbAAD,High Touch
0016g00001ANyKuAAL,High Touch
0016g00001ANyMkAAL,High Touch
0016g00001ANyslAAD,High Touch
0016g00001ANz2WAAT,Tech Touch
0016g00001ANz89AAD,Low Touch
0016g00001ANzSKAA1,High Touch
0016g00001ANzenAAD,High Touch
0016g00001ANzg5AAD,High Touch
0016g00001AO02xAAD,Tech Touch
0016g00001AO0VdAAL,High Touch
0016g00001AO0kmAAD,Tech Touch
0016g00001AO159AAD,High Touch
0016g00001AO1D1AAL,Tech Touch
0016g00001AO1WRAA1,High Touch
0016g00001AO23SAAT,Low Touch
0016g00001AO2d1AAD,High Touch
0016g00001AO2j8AAD,High Touch
0016g00001AO36gAAD,Mid Touch
0016g00001AO3WSAA1,High Touch
0016g00001AO3YxAAL,Mid Touch
0016g00001AO3aQAAT,High Touch
0016g00001AO3bvAAD,Tech Touch
0016g00001AO3iiAAD,Mid Touch
0016g00001AO3kaAAD,Mid Touch
0016g00001AO3lUAAT,Tech Touch
0016g00001AO496AAD,Mid Touch
0016g00001AO4HZAA1,High Touch
0016g00001AO4S9AAL,High Touch
0016g00001AO4SmAAL,High Touch
0016g00001AO4imAAD,Tech Touch
0016g00001AO4isAAD,High Touch
0016g00001AO4nMAAT,High Touch
0016g00001AO4yUAAT,High Touch
0016g00001AO58bAAD,High Touch
0016g00001AO596AAD,High Touch
0016g00001AO5AxAAL,Tech Touch
0016g00001AO5DGAA1,High Touch
0016g00001AO5EKAA1,High Touch
0016g00001AO5KtAAL,High Touch
0016g00001AO5bQAAT,Tech Touch
0016g00001AO68PAAT,Mid Touch
0016g00001AO6I7AAL,High Touch
0016g00001AO6J6AAL,High Touch
0016g00001AO6JlAAL,Low Touch
0016g00001AO6MbAAL,Low Touch
0016g00001AO6TTAA1,Mid Touch
0016g00001AO6UDAA1,Tech Touch
0016g00001AO6vTAAT,Tech Touch
0016g00001AO6wQAAT,High Touch
0016g00001AO6wmAAD,High Touch
0016g00001AO73fAAD,Low Touch
0016g00001AO7JJAA1,Low Touch
0016g00001AO7JOAA1,High Touch
0016g00001AO7LfAAL,High Touch
0016g00001AO7nmAAD,High Touch
0016g00001AO7qfAAD,Mid Touch
0016g00001AO81UAAT,High Touch
0016g00001AO8KdAAL,Tech Touch
0016g00001AO8OtAAL,Mid Touch
0016g00001AO8WnAAL,High Touch
0016g00001AO8XHAA1,Mid Touch
0016g00001AO8iOAAT,Low Touch
0016g00001AO8qsAAD,Tech Touch
0016g00001AO8xPAAT,Mid Touch
0016g00001AO93bAAD,Tech Touch
0016g00001AO98zAAD,Tech Touch
0016g00001AO9DaAAL,High Touch
0016g00001AO9DmAAL,High Touch
0016g00001AO9NvAAL,High Touch
0016g00001AO9QLAA1,High Touch
0016g00001AO9QMAA1,High Touch
0016g00001AO9TsAAL,Low Touch
0016g00001AO9Y3AAL,High Touch
0016g00001AO9hXAAT,Low Touch
0016g00001AO9rrAAD,High Touch
0016g00001AO9xtAAD,High Touch
0016g00001AO9yfAAD,High Touch
0016g00001AOACWAA5,High Touch
0016g00001AOAvdAAH,Tech Touch
0016g00001AOBLDAA5,Low Touch
0016g00001AOBPfAAP,High Touch
0016g00001AOByJAAX,Tech Touch
0016g00001AOCN8AAP,High Touch
0016g00001AOCVMAA5,Mid Touch
0016g00001AOD6XAAX,High Touch
0016g00001AOD7SAAX,High Touch
0016g00001AODCmAAP,Low Touch
0016g00001AODjPAAX,Mid Touch
0016g00001AODljAAH,High Touch
0016g00001AODucAAH,Mid Touch
0016g00001AODvdAAH,Low Touch
0016g00001AODvqAAH,High Touch
0016g00001AOE0QAAX,High Touch
0016g00001AOE47AAH,High Touch
0016g00001AOEFRAA5,High Touch
0016g00001AOEMxAAP,High Touch
0016g00001AOESEAA5,Low Touch
0016g00001AOEXNAA5,High Touch
0016g00001AOEa4AAH,High Touch
0016g00001AOElZAAX,Low Touch
0016g00001AOEnjAAH,Mid Touch
0016g00001AOFFvAAP,Tech Touch
0016g00001AOFJ4AAP,Low Touch
0016g00001AOFb3AAH,Mid Touch
0016g00001AOFbBAAX,High Touch
0016g00001AOG5oAAH,Tech Touch
0016g00001AOGEVAA5,Tech Touch
0016g00001AOGEtAAP,Tech Touch
0016g00001AOGSKAA5,Tech Touch
0016g00001AOGZzAAP,Tech Touch
0016g00001AOGgPAAX,Low Touch
0016g00001AOGgrAAH,Tech Touch
0016g00001AOGpnAAH,Tech Touch
0016g00001AOGrlAAH,Low Touch
0016g00001AOH0hAAH,Low Touch
0016g00001AOHETAA5,High Touch
0016g00001AOHKvAAP,High Touch
0016g00001AOHU6AAP,High Touch
0016g00001AOHiJAAX,High Touch
0016g00001AOI7oAAH,High Touch
0016g00001AOIUSAA5,High Touch
0016g00001AOJ9gAAH,Tech Touch
0016g00001AOJBQAA5,Tech Touch
0016g00001AOJE2AAP,Tech Touch
0016g00001AOJHiAAP,Low Touch
0016g00001AOJc3AAH,Mid Touch
0016g00001AOJe3AAH,Tech Touch
0016g00001AOKOZAA5,Mid Touch
0016g00001AOKWxAAP,High Touch
0016g00001AOKXCAA5,High Touch
0016g00001AOKacAAH,Tech Touch
0016g00001AOKatAAH,Mid Touch
0016g00001AOKp9AAH,High Touch
0016g00001AOKrQAAX,Mid Touch
0016g00001AOL5EAAX,Mid Touch
0016g00001AOLOIAA5,Tech Touch
0016g00001AOLWRAA5,High Touch
0016g00001AOLbIAAX,High Touch
0016g00001AOLdYAAX,High Touch
0016g00001AOLdrAAH,Mid Touch
0016g00001AOLi1AAH,Mid Touch
0016g00001AOLkaAAH,High Touch
0016g00001AOM5EAAX,Low Touch
0016g00001AOM5kAAH,High Touch
0016g00001AOM6qAAH,Mid Touch
0016g00001AOMnpAAH,High Touch
0016g00001AON8cAAH,Mid Touch
0016g00001AONEDAA5,Low Touch
0016g00001AONoPAAX,Low Touch
0016g00001AONooAAH,High Touch
0016g00001AONqHAAX,Mid Touch
0016g00001AONseAAH,Tech Touch
0016g00001AOO3IAAX,Mid Touch
0016g00001AOO5yAAH,Tech Touch
0016g00001AOONoAAP,High Touch
0016g00001AOOqiAAH,Mid Touch
0016g00001AOOzrAAH,High Touch
0016g00001AOPt7AAH,Tech Touch
0016g00001AOPtCAAX,High Touch
0016g00001AOPuqAAH,High Touch
0016g00001AOPyNAAX,Tech Touch
0016g00001AOQHmAAP,High Touch
0016g00001AOQKQAA5,High Touch
0016g00001AOQfDAAX,Mid Touch
0016g00001AOQn7AAH,High Touch
0016g00001AOQqBAAX,High Touch
0016g00001AORBZAA5,High Touch
0016g00001AORQnAAP,Mid Touch
0016g00001AORkvAAH,High Touch
0016g00001AORr5AAH,Low Touch
0016g00001AOS0RAAX,Mid Touch
0016g00001AOS5XAAX,Tech Touch
0016g00001AOSFFAA5,Low Touch
0016g00001AOSMNAA5,High Touch
0016g00001AOSRiAAP,High Touch
0016g00001AOST7AAP,Tech Touch
0016g00001AOT6OAAX,High Touch
0016g00001AOTTwAAP,Low Touch
0016g00001AOTgSAAX,Mid Touch
0016g00001AOTs5AAH,Tech Touch
0016g00001AOTx8AAH,Mid Touch
0016g00001AOTxNAAX,High Touch
0016g00001AOUBfAAP,High Touch
0016g00001AOUU4AAP,Low Touch
0016g00001AOUXSAA5,Tech Touch
0016g00001AOUwWAAX,Low Touch
0016g00001AOV9sAAH,Low Touch
0016g00001AOVB0AAP,Tech Touch
0016g00001AOVFpAAP,Tech Touch
0016g00001AOVJmAAP,Low Touch
0016g00001AOVKNAA5,High Touch
0016g00001AOW39AAH,Mid Touch
0016g00001AOWHMAA5,Mid Touch
0016g00001AOWckAAH,High Touch
0016g00001AOWgYAAX,Mid Touch
0016g00001AOWkkAAH,High Touch
0016g00001AOWklAAH,Low Touch
0016g00001AOWqsAAH,High Touch
0016g00001AOWv7AAH,Tech Touch
0016g00001AOX2pAAH,Mid Touch
0016g00001AOX63AAH,High Touch
0016g00001AOX9PAAX,Tech Touch
0016g00001AOXJmAAP,High Touch
0016g00001AOXdvAAH,High Touch
0016g00001AOXqqAAH,Tech Touch
0016g00001AOXxJAAX,Tech Touch
0016g00001AOYIDAA5,High Touch
0016g00001AOYdxAAH,Tech Touch
0016g00001AOYkIAAX,Low Touch
0016g00001AOYyoAAH,High Touch
0016g00001AOYz7AAH,High Touch
0016g00001AOZ3vAAH,High Touch
0016g00001AOZEzAAP,Mid Touch
0016g00001AOZgjAAH,High Touch
0016g00001AOZglAAH,High Touch
0016g00001AOa40AAD,Tech Touch
0016g00001AOa8wAAD,Tech Touch
0016g00001AOaGuAAL,High Touch
0016g00001AOaVsAAL,High Touch
0016g00001AOaaAAAT,Mid Touch
0016g00001AOaaNAAT,Mid Touch
0016g00001AOaw7AAD,Tech Touch
0016g00001AObDpAAL,Tech Touch
0016g00001AObbNAAT,Mid Touch
0016g00001AObhhAAD,Tech Touch
0016g00001AObzPAAT,Mid Touch
0016g00001AOcBHAA1,Tech Touch
0016g00001AOcFfAAL,Tech Touch
0016g00001AOcFgAAL,Mid Touch
0016g00001AOcTHAA1,High Touch
0016g00001AOcTZAA1,High Touch
0016g00001AOcWvAAL,Low Touch
0016g00001AOcchAAD,Tech Touch
0016g00001AOd2QAAT,Low Touch
0016g00001AOdUoAAL,High Touch
0016g00001AOdrtAAD,High Touch
0016g00001AOePbAAL,Low Touch
0016g00001AOeQ9AAL,Mid Touch
0016g00001AOeRIAA1,Low Touch
0016g00001AOeRaAAL,Mid Touch
0016g00001AOeSLAA1,Low Touch
0016g00001AOeUTAA1,Mid Touch
0016g00001AOeXbAAL,Tech Touch
0016g00001AOel4AAD,Tech Touch
0016g00001AOezYAAT,Tech Touch
0016g00001AOf1AAAT,Tech Touch
0016g00001AOf95AAD,High Touch
0016g00001AOfBkAAL,High Touch
0016g00001AOfXqAAL,High Touch
0016g00001AOfh7AAD,Tech Touch
0016g00001AOfjqAAD,Mid Touch
0016g00001AOfyZAAT,Mid Touch
0016g00001AOfzlAAD,Tech Touch
0016g00001AOgCnAAL,Low Touch
0016g00001AOgI8AAL,Tech Touch
0016g00001AOgIdAAL,Tech Touch
0016g00001AOgLQAA1,High Touch
0016g00001AOgRFAA1,Tech Touch
0016g00001AOgazAAD,Tech Touch
0016g00001AOgisAAD,Mid Touch
0016g00001AOgkyAAD,High Touch
0016g00001AOgomAAD,Tech Touch
0016g00001AOgpAAAT,High Touch
0016g00001AOgqqAAD,High Touch
0016g00001AOgrVAAT,High Touch
0016g00001AOgsMAAT,High Touch
0016g00001AOgt0AAD,High Touch
0016g00001AOgx4AAD,High Touch
0016g00001AOgx7AAD,High Touch
0016g00001AOh1EAAT,Mid Touch
0016g00001AOh60AAD,Mid Touch
0016g00001AOh6JAAT,High Touch
0016g00001AOhBAAA1,Mid Touch
0016g00001AOhacAAD,Tech Touch
0016g00001AOi01AAD,Mid Touch
001Px00000VtlaqIAB,Low Touch
001Px00000VvDSdIAN,Low Touch
001Px00000VvDSxIAN,Tech Touch
001Px00000VvFYlIAN,Tech Touch
001Px00000VvFYyIAN,Tech Touch
001Px00000VvFZNIA3,High Touch
001Px00000VvFZTIA3,Tech Touch
001Px00000VvFZiIAN,High Touch
001Px00000VvFZkIAN,Tech Touch
001Px00000VvILXIA3,Tech Touch
001Px00000VvILuIAN,Tech Touch
001Px00000VvIMJIA3,Tech Touch
001Px00000VvKgSIAV,High Touch
001Px00000VvL27IAF,Mid Touch
001Px00000VvL29IAF,Mid Touch
001Px00000VvL2BIAV,High Touch
001Px00000VvL2bIAF,Mid Touch
001Px00000VvL2dIAF,Tech Touch
001Px00000VvLcyIAF,Tech Touch
001Px00000VvLd4IAF,Tech Touch
001Px00000VvLd5IAF,Low Touch
001Px00000VvLdIIAV,Tech Touch
001Px00000VvLdeIAF,Low Touch
001Px00000VvMGjIAN,High Touch
001Px00000VvMHBIA3,High Touch
001Px00000VvMHCIA3,High Touch
001Px00000VvMHlIAN,Tech Touch
001Px00000VvMLoIAN,Tech Touch
001Px00000VvMMOIA3,Low Touch
001Px00000VvMMSIA3,Tech Touch
001Px00000VvMlVIAV,High Touch
001Px00000VvMmWIAV,Tech Touch
001Px00000VvMzFIAV,Tech Touch
001Px00000VvNUXIA3,Mid Touch
001Px00000VvNV8IAN,Mid Touch
001Px00000VvNVFIA3,Low Touch
001Px00000VvNVVIA3,Mid Touch
001Px00000VvNVgIAN,Mid Touch
001Px00000VvNVjIAN,High Touch
001Px00000VvNcsIAF,Tech Touch
001Px00000VvO7JIAV,Mid Touch
001Px00000VvO7XIAV,Tech Touch
001Px00000VvO87IAF,Tech Touch
001Px00000VvO8ZIAV,Tech Touch
001Px00000VvOFdIAN,Mid Touch
001Px00000VvOFlIAN,Tech Touch
001Px00000VvOFnIAN,Tech Touch
001Px00000VvOGHIA3,Tech Touch
001Px00000VvOGOIA3,Tech Touch
001Px00000VvOGTIA3,Tech Touch
001Px00000VvOYmIAN,Tech Touch
001Px00000VvOYnIAN,Tech Touch
001Px00000VvOYtIAN,Tech Touch
001Px00000VvOYyIAN,Tech Touch
001Px00000VvOZHIA3,Low Touch
001Px00000VvOZKIA3,Mid Touch
001Px00000VvOZLIA3,Tech Touch
001Px00000VvOZkIAN,Tech Touch
001Px00000VvOZsIAN,Tech Touch
001Px00000VvOZzIAN,Tech Touch
001Px00000VvOa0IAF,Tech Touch
001Px00000VvOioIAF,Tech Touch
001Px00000VvOjYIAV,Tech Touch
001Px00000VvOlkIAF,Low Touch
001Px00000VvOltIAF,Tech Touch
001Px00000VvOlyIAF,Tech Touch
001Px00000VvOmRIAV,Tech Touch
001Px00000VvOymIAF,Tech Touch
001Px00000VvOzMIAV,Low Touch
001Px00000VvPF0IAN,Tech Touch
001Px00000VvPFEIA3,Tech Touch
001Px00000VvPFTIA3,Tech Touch
001Px00000VvPFYIA3,Mid Touch
001Px00000VvPFbIAN,Mid Touch
001Px00000VvPOMIA3,Tech Touch
001Px00000VvPOlIAN,Tech Touch
001Px00000VvPUvIAN,Tech Touch
001Px00000VvPUxIAN,Tech Touch
001Px00000VvPVFIA3,Tech Touch
001Px00000VvPVHIA3,Tech Touch
001Px00000VvPVMIA3,Tech Touch
001Px00000VvPVSIA3,Low Touch
001Px00000VvPVhIAN,Tech Touch
001Px00000VvPVsIAN,Mid Touch
001Px00000VvPVxIAN,Tech Touch
001Px00000VvPVyIAN,Tech Touch
001Px00000VvPW3IAN,Tech Touch
001Px00000VvPphIAF,Tech Touch
001Px00000VvPplIAF,Low Touch
001Px00000VvPptIAF,Tech Touch
001Px00000VvPq8IAF,Tech Touch
001Px00000VvPqZIAV,High Touch
001Px00000VvPqaIAF,Tech Touch
001Px00000VvPqjIAF,Tech Touch
001Px00000VvPqyIAF,Tech Touch
001Px00000VvQnYIAV,Tech Touch
001Px00000VvQnnIAF,Tech Touch
001Px00000VvQnpIAF,Tech Touch
001Px00000VvQo1IAF,Tech Touch
001Px00000VvQoFIAV,Tech Touch
001Px00000VvQoHIAV,Tech Touch
001Px00000VvQoIIAV,Tech Touch
001Px00000VvQoNIAV,Tech Touch
001Px00000VvQoOIAV,Tech Touch
001Px00000VvQoSIAV,Tech Touch
001Px00000VvQoYIAV,Tech Touch
001Px00000VvQqTIAV,Tech Touch
001Px00000VvQqUIAV,Tech Touch
001Px00000VvQqYIAV,Tech Touch
001Px00000VvQqrIAF,Tech Touch
001Px00000VvQqsIAF,Tech Touch
001Px00000VvQrBIAV,Tech Touch
001Px00000VvQrEIAV,Tech Touch
001Px00000VvQrFIAV,Tech Touch
001Px00000VvQrPIAV,Tech Touch
001Px00000VvQrdIAF,Tech Touch
001Px00000VvQvWIAV,Tech Touch
001Px00000VvQvvIAF,Tech Touch
001Px00000VvQwJIAV,Tech Touch
001Px00000VvQwSIAV,Tech Touch
001Px00000VvQwTIAV,High Touch
001Px00000VvQwgIAF,Tech Touch
001Px00000VvR5PIAV,Tech Touch
001Px00000VvR5UIAV,Mid Touch
001Px00000VvR5cIAF,Tech Touch
001Px00000VvR5fIAF,Tech Touch
001Px00000VvR61IAF,Low Touch
001Px00000VvR69IAF,Tech Touch
001Px00000VvR6IIAV,Tech Touch
001Px00000VvR6LIAV,Tech Touch
001Px00000VvR8OIAV,Tech Touch
001Px00000VvR8YIAV,Mid Touch
001Px00000VvR8jIAF,Tech Touch
001Px00000VvR8nIAF,Tech Touch
001Px00000VvRLDIA3,Mid Touch
001Px00000VvRLHIA3,Tech Touch
001Px00000VvRLQIA3,High Touch
001Px00000VvRLzIAN,High Touch
001Px00000VvRMMIA3,High Touch
001Px00000VvRZhIAN,Low Touch
001Px00000VvRZnIAN,High Touch
001Px00000VvRZpIAN,Mid Touch
001Px00000VvRaLIAV,Mid Touch
001Px00000VvRaQIAV,Tech Touch
001Px00000VvRoBIAV,Tech Touch
001Px00000VvRoMIAV,Tech Touch
001Px00000VvRoWIAV,Tech Touch
001Px00000VvRosIAF,Tech Touch
001Px00000VvRp9IAF,Mid Touch
001Px00000VvSKZIA3,Low Touch
001Px00000VvSKbIAN,Low Touch
001Px00000VvSKqIAN,Tech Touch
001Px00000VvSLAIA3,Tech Touch
001Px00000VvSLJIA3,Tech Touch
001Px00000VvSLLIA3,Tech Touch
001Px00000VvSPyIAN,Tech Touch
001Px00000VvTIYIA3,Tech Touch
001Px00000VvTeCIAV,Tech Touch
001Px00000VvTeJIAV,Tech Touch
001Px00000VvThtIAF,Tech Touch
001Px00000VvThvIAF,Tech Touch
001Px00000VvTiFIAV,Tech Touch
001Px00000VvTiMIAV,Tech Touch
001Px00000VvTiSIAV,Tech Touch
001Px00000VvTinIAF,Tech Touch
001Px00000VvTioIAF,Tech Touch
001Px00000VvTiqIAF,Tech Touch
001Px00000VvTiyIAF,Mid Touch
001Px00000VvTj1IAF,Tech Touch
001Px00000VvTj4IAF,Low Touch
001Px00000VvTj8IAF,Low Touch
001Px00000VvTjBIAV,Tech Touch
001Px00000VvTtuIAF,Mid Touch
001Px00000VvU39IAF,Mid Touch
001Px00000VvU3uIAF,Low Touch
001Px00000VvU7jIAF,Low Touch
001Px00000VvU80IAF,Tech Touch
001Px00000VvU84IAF,Tech Touch
001Px00000VvU8BIAV,High Touch
001Px00000VvU8iIAF,Tech Touch
001Px00000VvU8qIAF,Tech Touch
001Px00000VvU8uIAF,Tech Touch
001Px00000VvU8zIAF,Low Touch
001Px00000VvU95IAF,Tech Touch
001Px00000VvUjHIAV,Tech Touch
001Px00000VvUjtIAF,Tech Touch
001Px00000VvUnpIAF,Low Touch
001Px00000VvUnsIAF,Low Touch
001Px00000VvUoUIAV,Mid Touch
001Px00000VvUoeIAF,Tech Touch
001Px00000VvV2FIAV,Low Touch
001Px00000VvV2VIAV,Tech Touch
001Px00000VvV2lIAF,Tech Touch
001Px00000VvV2pIAF,Mid Touch
001Px00000VvVAVIA3,Low Touch
001Px00000VvVF8IAN,Tech Touch
001Px00000VvVFnIAN,Low Touch
001Px00000VvVG4IAN,Tech Touch
001Px00000VvVG6IAN,Tech Touch
001Px00000VvVG7IAN,Low Touch
001Px00000VvVGNIA3,Low Touch
001Px00000VvVIbIAN,Tech Touch
001Px00000VvVJ4IAN,Tech Touch
001Px00000VvVdIIAV,Low Touch
001Px00000VvVeCIAV,Low Touch
001Px00000VvVeyIAF,Tech Touch
001Px00000VvVfTIAV,Tech Touch
001Px00000VvVfaIAF,Tech Touch
001Px00000VvVjQIAV,Tech Touch
001Px00000VvVtPIAV,Tech Touch
001Px00000VvVtQIAV,Tech Touch
001Px00000VvVtbIAF,Tech Touch
001Px00000VvVtgIAF,Tech Touch
001Px00000VvVtiIAF,Tech Touch
001Px00000VvVttIAF,Tech Touch
001Px00000VvVtvIAF,Tech Touch
001Px00000VvVuFIAV,Tech Touch
001Px00000VvVulIAF,Low Touch
001Px00000VvVz7IAF,Tech Touch
001Px00000VvVzLIAV,Tech Touch
001Px00000VvW33IAF,Low Touch
001Px00000VvW3LIAV,Tech Touch
001Px00000VvWTJIA3,Mid Touch
001Px00000VvWU1IAN,High Touch
001Px00000VvWePIAV,Low Touch
001Px00000VvWfIIAV,Tech Touch
001Px00000VvWfKIAV,Tech Touch
001Px00000VvWxMIAV,Tech Touch
001Px00000VvWxXIAV,Tech Touch
001Px00000VvWxiIAF,Mid Touch
001Px00000VvWy8IAF,High Touch
001Px00000VvWyDIAV,Low Touch
001Px00000VvWyeIAF,Tech Touch
001Px00000VvXL3IAN,Tech Touch
001Px00000VvXLHIA3,Tech Touch
001Px00000VvXPTIA3,Tech Touch
001Px00000VvXPqIAN,Tech Touch
001Px00000VvXPxIAN,Tech Touch
001Px00000VvXQ6IAN,Tech Touch
001Px00000VvXomIAF,Low Touch
001Px00000VvXqMIAV,High Touch
001Px00000VvXqOIAV,High Touch
001Px00000VvXqbIAF,High Touch
001Px00000VvXqlIAF,Low Touch
001Px00000VvXvRIAV,Tech Touch
001Px00000VvXvdIAF,Tech Touch
001Px00000VvXwDIAV,Mid Touch
001Px00000VvXwtIAF,Tech Touch
001Px00000VvXwwIAF,Tech Touch
001Px00000VvXxFIAV,Low Touch
001Px00000VvXxfIAF,Tech Touch
001Px00000VvXxxIAF,High Touch
001Px00000VvXyEIAV,Tech Touch
001Px00000VvY8tIAF,Tech Touch
001Px00000VvY9TIAV,Tech Touch
001Px00000VvYVqIAN,Tech Touch
001Px00000VvYdIIAV,Tech Touch
001Px00000VvYpTIAV,Tech Touch
001Px00000VvZ3OIAV,Tech Touch
001Px00000VvZ3fIAF,Tech Touch
001Px00000VvZ3uIAF,High Touch
001Px00000VvZ4ZIAV,Tech Touch
001Px00000VvZ4eIAF,Tech Touch
001Px00000VvZ4xIAF,Tech Touch
001Px00000VvZ4yIAF,Tech Touch
001Px00000VvZ50IAF,Tech Touch
001Px00000VvZ53IAF,Low Touch
001Px00000VvZ5EIAV,Tech Touch
001Px00000VvZM5IAN,Tech Touch
001Px00000VvZMvIAN,Tech Touch
001Px00000VvZO5IAN,Tech Touch
001Px00000VvZO8IAN,Tech Touch
001Px00000VvZRQIA3,Tech Touch
001Px00000VvZRTIA3,Tech Touch
001Px00000VvZRqIAN,Tech Touch
001Px00000VvZRrIAN,Tech Touch
001Px00000VvZRyIAN,Tech Touch
001Px00000VvZS8IAN,Tech Touch
001Px00000VvZU1IAN,Tech Touch
001Px00000VvZUBIA3,Tech Touch
001Px00000VvZUUIA3,High Touch
001Px00000VvZUfIAN,Tech Touch
001Px00000VvZUzIAN,Tech Touch
001Px00000VvZV0IAN,Tech Touch
001Px00000VvZVKIA3,Tech Touch
001Px00000VvZVLIA3,Tech Touch
001Px00000VvZVnIAN,High Touch
001Px00000VvZVqIAN,Tech Touch
001Px00000VvZW9IAN,Mid Touch
001Px00000VvZWSIA3,High Touch
001Px00000VvZXBIA3,High Touch
001Px00000VvZXGIA3,High Touch
001Px00000VvZXJIA3,High Touch
001Px00000VvZXKIA3,High Touch
001Px00000VvZXMIA3,High Touch
001Px00000VvZXWIA3,High Touch
001Px00000VvZXaIAN,High Touch
001Px00000VvZXdIAN,Mid Touch
001Px00000VvZXtIAN,Tech Touch
001Px00000VvZXyIAN,Tech Touch
001Px00000VvZY5IAN,Tech Touch
001Px00000VvZYDIA3,Tech Touch
001Px00000VvZYXIA3,Tech Touch
001Px00000VvZYaIAN,Tech Touch
001Px00000VvZuhIAF,Tech Touch
001Px00000Vva0tIAB,Tech Touch
001Px00000Vva8SIAR,Tech Touch
001Px00000Vva8YIAR,Tech Touch
001Px00000Vva8aIAB,Tech Touch
001Px00000Vva8mIAB,Tech Touch
001Px00000Vva9QIAR,Tech Touch
001Px00000Vva9jIAB,High Touch
001Px00000VvaGnIAJ,High Touch
001Px00000VvaHGIAZ,Low Touch
001Px00000VvaHOIAZ,Tech Touch
001Px00000VvaPeIAJ,Tech Touch
001Px00000VvaPiIAJ,Tech Touch
001Px00000VvaQcIAJ,Tech Touch
001Px00000VvaRNIAZ,Mid Touch
001Px00000VvalPIAR,Tech Touch
001Px00000VvalXIAR,Tech Touch
001Px00000VvalbIAB,Tech Touch
001Px00000VvaldIAB,Tech Touch
001Px00000VvalgIAB,Tech Touch
001Px00000VvaliIAB,Tech Touch
001Px00000VvalkIAB,Tech Touch
001Px00000VvalmIAB,Tech Touch
001Px00000VvalwIAB,Tech Touch
001Px00000Vvam0IAB,Tech Touch
001Px00000Vvam2IAB,Tech Touch
001Px00000Vvam9IAB,Tech Touch
001Px00000VvamBIAR,Tech Touch
001Px00000VvamJIAR,Tech Touch
001Px00000Vvaq6IAB,High Touch
001Px00000VvaqoIAB,High Touch
001Px00000VvaukIAB,Tech Touch
001Px00000Vvav2IAB,Tech Touch
001Px00000VvavNIAR,Tech Touch
001Px00000VvavmIAB,Tech Touch
001Px00000Vvb3WIAR,High Touch
001Px00000Vvb7ZIAR,Mid Touch
001Px00000Vvb7iIAB,Tech Touch
001Px00000Vvb7uIAB,Mid Touch
001Px00000Vvb7xIAB,Tech Touch
001Px00000Vvb86IAB,Tech Touch
001Px00000Vvb88IAB,Tech Touch
001Px00000Vvb8CIAR,Tech Touch
001Px00000Vvb8GIAR,Tech Touch
001Px00000Vvb8IIAR,Tech Touch
001Px00000Vvb8TIAR,Low Touch
001Px00000Vvb8UIAR,Tech Touch
001Px00000Vvb8qIAB,Tech Touch
001Px00000VvbM7IAJ,Mid Touch
001Px00000VvbMIIAZ,Low Touch
001Px00000VvbMKIAZ,Tech Touch
001Px00000VvbNSIAZ,High Touch
001Px00000VvbO7IAJ,Mid Touch
001Px00000VvbOGIAZ,Low Touch
001Px00000VvbOLIAZ,High Touch
001Px00000VvbOUIAZ,Mid Touch
001Px00000VvbOXIAZ,Mid Touch
001Px00000VvbOZIAZ,Mid Touch
001Px00000VvbObIAJ,Tech Touch
001Px00000VvbOcIAJ,Tech Touch
001Px00000VvbOnIAJ,High Touch
001Px00000VvbOpIAJ,High Touch
001Px00000VvbOrIAJ,Mid Touch
001Px00000VvbOtIAJ,High Touch
001Px00000VvbUHIAZ,Low Touch
001Px00000VvbaoIAB,Tech Touch
001Px00000VvbbIIAR,Tech Touch
001Px00000VvbbWIAR,Tech Touch
001Px00000VvbbiIAB,Tech Touch
001Px00000VvbcmIAB,Tech Touch
001Px00000VvbcrIAB,Tech Touch
001Px00000VvbcvIAB,Tech Touch
001Px00000Vvbd1IAB,Tech Touch
001Px00000VvbdIIAR,Tech Touch
001Px00000VvbdNIAR,Tech Touch
001Px00000VvbdYIAR,Tech Touch
001Px00000VvbddIAB,Tech Touch
001Px00000VvbdgIAB,Tech Touch
001Px00000VvbklIAB,Tech Touch
001Px00000VvblfIAB,Tech Touch
001Px00000VvbmGIAR,Low Touch
001Px00000VvbmVIAR,Tech Touch
001Px00000VvbmdIAB,Tech Touch
001Px00000VvbmfIAB,Mid Touch
001Px00000Vvbn9IAB,Low Touch
001Px00000VvbnAIAR,Tech Touch
001Px00000Vvbw9IAB,Mid Touch
001Px00000VvbwXIAR,Tech Touch
001Px00000VvbwgIAB,Low Touch
001Px00000Vvc5OIAR,Mid Touch
001Px00000Vvc5UIAR,Tech Touch
001Px00000Vvc5VIAR,Tech Touch
001Px00000Vvc6HIAR,Low Touch
001Px00000Vvc6PIAR,Tech Touch
001Px00000VvcPEIAZ,Low Touch
001Px00000VvcRqIAJ,Tech Touch
001Px00000VvcS7IAJ,Tech Touch
001Px00000VvcSHIAZ,Tech Touch
001Px00000VvcSKIAZ,Tech Touch
001Px00000VvcSQIAZ,Tech Touch
001Px00000VvcSiIAJ,Tech Touch
001Px00000VvcSjIAJ,Tech Touch
001Px00000VvcT3IAJ,Tech Touch
001Px00000VvcYtIAJ,Tech Touch
001Px00000VvcYuIAJ,Tech Touch
001Px00000VvccoIAB,High Touch
001Px00000VvcgPIAR,Tech Touch
001Px00000VvchDIAR,Tech Touch
001Px00000VvcqIIAR,Mid Touch
001Px00000Vvcr9IAB,Tech Touch
001Px00000Vvd2wIAB,Tech Touch
001Px00000Vvd36IAB,Tech Touch
001Px00000Vvd3SIAR,Tech Touch
001Px00000Vvd3ZIAR,Tech Touch
001Px00000Vvd3aIAB,Tech Touch
001Px00000Vvd45IAB,Tech Touch
001Px00000Vvd46IAB,Tech Touch
001Px00000Vvd47IAB,High Touch
001Px00000Vvd9WIAR,Tech Touch
001Px00000Vvd9vIAB,Tech Touch
001Px00000VvdABIAZ,Tech Touch
001Px00000VvdALIAZ,Tech Touch
001Px00000VvdAXIAZ,Tech Touch
001Px00000VvdHRIAZ,Tech Touch
001Px00000VvdHSIAZ,Tech Touch
001Px00000VvdHaIAJ,High Touch
001Px00000VvdIpIAJ,Low Touch
001Px00000VvdUUIAZ,Tech Touch
001Px00000VvdUmIAJ,Tech Touch
001Px00000VvdVYIAZ,Tech Touch
001Px00000VvdWKIAZ,Low Touch
001Px00000VvdacIAB,Mid Touch
001Px00000VvdlEIAR,Low Touch
001Px00000VvdnpIAB,Tech Touch
001Px00000VvdoqIAB,Tech Touch
001Px00000Vvdp5IAB,Tech Touch
001Px00000Vve0tIAB,High Touch
001Px00000Vve1FIAR,Tech Touch
001Px00000VveA9IAJ,High Touch
001Px00000VveApIAJ,Tech Touch
001Px00000VveFEIAZ,Low Touch
001Px00000VveFIIAZ,High Touch
001Px00000VveFbIAJ,Tech Touch
001Px00000VveGtIAJ,Tech Touch
001Px00000VveGuIAJ,Tech Touch
001Px00000VveGwIAJ,Tech Touch
001Px00000VveHCIAZ,Tech Touch
001Px00000VveHKIAZ,Tech Touch
001Px00000VveHMIAZ,Tech Touch
001Px00000VveHTIAZ,Tech Touch
001Px00000VveHXIAZ,Tech Touch
001Px00000VveHnIAJ,Mid Touch
001Px00000VveHoIAJ,Tech Touch
001Px00000VveHqIAJ,Tech Touch
001Px00000VveHyIAJ,Tech Touch
001Px00000VveJpIAJ,Tech Touch
001Px00000VvePNIAZ,Tech Touch
001Px00000VvePoIAJ,Low Touch
001Px00000VveQ4IAJ,Tech Touch
001Px00000VveWuIAJ,Low Touch
001Px00000VveWyIAJ,Tech Touch
001Px00000VveXDIAZ,Tech Touch
001Px00000VveXcIAJ,Tech Touch
001Px00000VveXeIAJ,Tech Touch
001Px00000VveXpIAJ,Mid Touch
001Px00000VveXwIAJ,Tech Touch
001Px00000VvefMIAR,Tech Touch
001Px00000VvefuIAB,Tech Touch
001Px00000VvegIIAR,Tech Touch
001Px00000VvetSIAR,Tech Touch
001Px00000VvetaIAB,Low Touch
001Px00000VveteIAB,Tech Touch
001Px00000VvetfIAB,Tech Touch
001Px00000VveuCIAR,Tech Touch
001Px00000VveymIAB,Tech Touch
001Px00000Vvf9gIAB,Tech Touch
001Px00000Vvf9oIAB,Tech Touch
001Px00000VvfAQIAZ,Tech Touch
001Px00000VvfAjIAJ,Tech Touch
001Px00000VvfPWIAZ,Low Touch
001Px00000VvfPXIAZ,Low Touch
001Px00000VvfPdIAJ,Tech Touch
001Px00000VvfPvIAJ,Tech Touch
001Px00000VvfQUIAZ,Tech Touch
001Px00000VvfT6IAJ,Mid Touch
001Px00000VvfTIIAZ,Low Touch
001Px00000VvfTZIAZ,Tech Touch
001Px00000VvfTbIAJ,Low Touch
001Px00000VvfTkIAJ,Tech Touch
001Px00000VvfUIIAZ,Tech Touch
001Px00000VvfUJIAZ,Tech Touch
001Px00000VvfUeIAJ,Tech Touch
001Px00000VvfV8IAJ,Tech Touch
001Px00000VvfW7IAJ,Low Touch
001Px00000VvfeiIAB,Tech Touch
001Px00000VvfkcIAB,Tech Touch
001Px00000VvfkiIAB,Tech Touch
001Px00000Vvfl2IAB,Tech Touch
001Px00000Vvfl3IAB,Tech Touch
001Px00000Vvfl5IAB,Tech Touch
001Px00000Vvfl9IAB,Tech Touch
001Px00000VvflCIAR,Tech Touch
001Px00000VvflLIAR,High Touch
001Px00000VvflVIAR,Tech Touch
001Px00000VvflXIAR,Tech Touch
001Px00000VvflfIAB,Tech Touch
001Px00000VvfnmIAB,High Touch
001Px00000VvfrZIAR,Tech Touch
001Px00000VvfrmIAB,Tech Touch
001Px00000VvfrqIAB,Tech Touch
001Px00000VvfsMIAR,Tech Touch
001Px00000VvfsTIAR,Low Touch
001Px00000VvfsZIAR,Tech Touch
001Px00000Vvg5bIAB,Tech Touch
001Px00000Vvg5lIAB,Low Touch
001Px00000Vvg5mIAB,Tech Touch
001Px00000Vvg6VIAR,Tech Touch
001Px00000Vvg76IAB,Tech Touch
001Px00000Vvg7wIAB,Tech Touch
001Px00000Vvg83IAB,Tech Touch
001Px00000Vvg8NIAR,Tech Touch
001Px00000Vvg8ZIAR,Tech Touch
001Px00000VvgE1IAJ,Tech Touch
001Px00000VvgEBIAZ,High Touch
001Px00000VvgECIAZ,Tech Touch
001Px00000VvgEkIAJ,Low Touch
001Px00000VvgEzIAJ,Low Touch
001Px00000VvgF2IAJ,Low Touch
001Px00000VvgHzIAJ,Mid Touch
001Px00000VvgI7IAJ,Tech Touch
001Px00000VvgIAIAZ,Tech Touch
001Px00000VvgIGIAZ,Tech Touch
001Px00000VvgIfIAJ,Tech Touch
001Px00000VvgJUIAZ,Tech Touch
001Px00000VvgddIAB,Tech Touch
001Px00000VvgeOIAR,Tech Touch
001Px00000VvgemIAB,Tech Touch
001Px00000VvgepIAB,Tech Touch
001Px00000VvggbIAB,Tech Touch
001Px00000VvgmfIAB,Tech Touch
001Px00000Vvgn2IAB,Mid Touch
001Px00000Vvgs0IAB,Tech Touch
001Px00000VvgseIAB,Tech Touch
001Px00000VvgsjIAB,Tech Touch
001Px00000VvgsoIAB,Tech Touch
001Px00000VvgspIAB,Tech Touch
001Px00000VvgsrIAB,Tech Touch
001Px00000Vvgt7IAB,Tech Touch
001Px00000VvgtBIAR,Tech Touch
001Px00000VvgtRIAR,Tech Touch
001Px00000VvgtZIAR,Tech Touch
001Px00000VvgtaIAB,Low Touch
001Px00000VvgunIAB,Tech Touch
001Px00000Vvh1iIAB,Tech Touch
001Px00000Vvh1nIAB,Low Touch
001Px00000Vvh1yIAB,Low Touch
001Px00000Vvh2RIAR,Tech Touch
001Px00000Vvh2ZIAR,Low Touch
001Px00000Vvh2eIAB,Tech Touch
001Px00000Vvh2fIAB,Tech Touch
001Px00000Vvh2hIAB,Tech Touch
001Px00000Vvh2oIAB,Mid Touch
001Px00000Vvh2sIAB,Tech Touch
001Px00000Vvh2uIAB,Tech Touch
001Px00000Vvh2wIAB,Tech Touch
001Px00000Vvh31IAB,Low Touch
001Px00000Vvh3FIAR,Low Touch
001Px00000Vvh3QIAR,Low Touch
001Px00000Vvh4KIAR,High Touch
001Px00000Vvh4NIAR,Tech Touch
001Px00000Vvh5wIAB,Tech Touch
001Px00000VvhC0IAJ,Tech Touch
001Px00000VvhCRIAZ,Tech Touch
001Px00000VvhOFIAZ,High Touch
001Px00000VvhPqIAJ,Tech Touch
001Px00000VvhPrIAJ,Tech Touch
001Px00000VvhQNIAZ,Tech Touch
001Px00000VvhWGIAZ,Tech Touch
001Px00000VvhWLIAZ,Tech Touch
001Px00000VvhWVIAZ,Tech Touch
001Px00000VvhWXIAZ,Tech Touch
001Px00000VvhWZIAZ,Tech Touch
001Px00000VvhWdIAJ,Tech Touch
001Px00000VvhWzIAJ,High Touch
001Px00000VvhX2IAJ,Tech Touch
001Px00000VvhX9IAJ,Low Touch
001Px00000VvhXDIAZ,High Touch
001Px00000VvhXIIAZ,Tech Touch
001Px00000VvhXWIAZ,Tech Touch
001Px00000Vvhl5IAB,Tech Touch
001Px00000VvhlrIAB,Tech Touch
001Px00000VvhssIAB,Tech Touch
001Px00000VvhsuIAB,Tech Touch
001Px00000Vvht4IAB,Tech Touch
001Px00000VvhtFIAR,Mid Touch
001Px00000VvhtKIAR,Tech Touch
001Px00000VvhtXIAR,Tech Touch
001Px00000VvhtdIAB,Tech Touch
001Px00000VvhtqIAB,Tech Touch
001Px00000VvhtrIAB,Tech Touch
001Px00000VvhuHIAR,Tech Touch
001Px00000VvhuIIAR,Tech Touch
001Px00000VvhuKIAR,Tech Touch
001Px00000VvhzZIAR,Tech Touch
001Px00000VvhzyIAB,Tech Touch
001Px00000Vvi0HIAR,Low Touch
001Px00000Vvi0JIAR,Tech Touch
001Px00000Vvi0ZIAR,Tech Touch
001Px00000Vvi0jIAB,Tech Touch
001Px00000Vvi14IAB,Tech Touch
001Px00000Vvi1EIAR,Tech Touch
001Px00000Vvi1WIAR,Low Touch
001Px00000Vvi1ZIAR,Tech Touch
001Px00000Vvi1cIAB,Tech Touch
001Px00000Vvi24IAB,Tech Touch
001Px00000Vvi29IAB,High Touch
001Px00000Vvi5nIAB,Tech Touch
001Px00000Vvi5zIAB,Tech Touch
001Px00000Vvi60IAB,Tech Touch
001Px00000Vvi62IAB,Tech Touch
001Px00000Vvi65IAB,Tech Touch
001Px00000Vvi6DIAR,Tech Touch
001Px00000Vvi6FIAR,Tech Touch
001Px00000Vvi6QIAR,Tech Touch
001Px00000Vvi6eIAB,Tech Touch
001Px00000Vvi6mIAB,Tech Touch
001Px00000Vvi72IAB,Tech Touch
001Px00000Vvi7kIAB,Tech Touch
001Px00000Vvi8VIAR,Low Touch
001Px00000Vvi8lIAB,High Touch
001Px00000Vvi8uIAB,Low Touch
001Px00000VviIbIAJ,Tech Touch
001Px00000VviU1IAJ,Tech Touch
001Px00000VviU6IAJ,Tech Touch
001Px00000VviUHIAZ,Tech Touch
001Px00000VviUNIAZ,Tech Touch
001Px00000VviUTIAZ,Tech Touch
001Px00000VviUVIAZ,Low Touch
001Px00000VviUWIAZ,Tech Touch
001Px00000VviUcIAJ,Tech Touch
001Px00000VviUfIAJ,Tech Touch
001Px00000VviUvIAJ,Tech Touch
001Px00000Vvic9IAB,Tech Touch
001Px00000VvicJIAR,Tech Touch
001Px00000VvicLIAR,Tech Touch
001Px00000VvicUIAR,Tech Touch
001Px00000VviclIAB,High Touch
001Px00000VviczIAB,Tech Touch
001Px00000Vvid3IAB,Tech Touch
001Px00000Vvid9IAB,Tech Touch
001Px00000VvidDIAR,Tech Touch
001Px00000VvidFIAR,Low Touch
001Px00000VvidIIAR,Tech Touch
001Px00000VvidRIAR,High Touch
001Px00000VvideIAB,High Touch
001Px00000VvieIIAR,Tech Touch
001Px00000VvierIAB,Tech Touch
001Px00000VvifdIAB,Tech Touch
001Px00000Vvih5IAB,Low Touch
001Px00000Vvih6IAB,Tech Touch
001Px00000VvihRIAR,Tech Touch
001Px00000VvihWIAR,Tech Touch
001Px00000VviiBIAR,Tech Touch
001Px00000VvimFIAR,Low Touch
001Px00000Vvj9vIAB,Low Touch
001Px00000Vvj9xIAB,Tech Touch
001Px00000VvjAEIAZ,Tech Touch
001Px00000VvjAGIAZ,Mid Touch
001Px00000VvjAQIAZ,Tech Touch
001Px00000VvjAVIAZ,Tech Touch
001Px00000VvjAZIAZ,Tech Touch
001Px00000VvjAaIAJ,Tech Touch
001Px00000VvjAcIAJ,Tech Touch
001Px00000VvjAiIAJ,Tech Touch
001Px00000VvjAjIAJ,Tech Touch
001Px00000VvjBEIAZ,Tech Touch
001Px00000VvjE5IAJ,Tech Touch
001Px00000VvjQ3IAJ,Tech Touch
001Px00000VvjSxIAJ,Mid Touch
001Px00000VvjT7IAJ,Tech Touch
001Px00000Vvjy3IAB,Low Touch
001Px00000VvjynIAB,Low Touch
001Px00000VvjyoIAB,Low Touch
001Px00000VvjypIAB,Tech Touch
001Px00000VvjzIIAR,Tech Touch
001Px00000Vvk1DIAR,Tech Touch
001Px00000Vvk1GIAR,Tech Touch
001Px00000Vvk1KIAR,Tech Touch
001Px00000Vvk1uIAB,Mid Touch
001Px00000Vvk23IAB,Tech Touch
001Px00000Vvk28IAB,High Touch
001Px00000Vvk2IIAR,Tech Touch
001Px00000Vvk2MIAR,Tech Touch
001Px00000Vvk2SIAR,Tech Touch
001Px00000Vvk2VIAR,Tech Touch
001Px00000Vvk2XIAR,Tech Touch
001Px00000VvkNoIAJ,Tech Touch
001Px00000VvkQYIAZ,Tech Touch
001Px00000VvkR8IAJ,Low Touch
001Px00000VvkRjIAJ,Tech Touch
001Px00000VvkRyIAJ,Tech Touch
001Px00000VvkTKIAZ,Low Touch
001Px00000VvkTRIAZ,Mid Touch
001Px00000VvkTUIAZ,Tech Touch
001Px00000Vvkh3IAB,Tech Touch
001Px00000VvkhGIAR,Mid Touch
001Px00000VvkhIIAR,Tech Touch
001Px00000VvkhmIAB,Tech Touch
001Px00000Vvki4IAB,Tech Touch
001Px00000Vvl16IAB,Tech Touch
001Px00000Vvl7qIAB,Tech Touch
001Px00000Vvl81IAB,Tech Touch
001Px00000Vvl83IAB,Low Touch
001Px00000Vvl89IAB,Tech Touch
001Px00000VvlI9IAJ,Tech Touch
001Px00000VvlIPIAZ,Tech Touch
001Px00000VvlIXIAZ,Tech Touch
001Px00000VvlIeIAJ,Tech Touch
001Px00000VvlIhIAJ,Tech Touch
001Px00000VvlJWIAZ,Tech Touch
001Px00000VvlJbIAJ,Tech Touch
001Px00000VvlKbIAJ,Tech Touch
001Px00000VvlWdIAJ,Mid Touch
001Px00000VvlpyIAB,Tech Touch
001Px00000Vvm4UIAR,Tech Touch
001Px00000Vvm5jIAB,High Touch
001Px00000VvmBEIAZ,Tech Touch
001Px00000VvmBzIAJ,Tech Touch
001Px00000VvmHiIAJ,Mid Touch
001Px00000VvmKdIAJ,Tech Touch
001Px00000VvmKeIAJ,Low Touch
001Px00000VvmKfIAJ,Tech Touch
001Px00000VvmTFIAZ,Tech Touch
001Px00000VvmTHIAZ,Tech Touch
001Px00000VvmTnIAJ,High Touch
001Px00000VvmTsIAJ,Mid Touch
001Px00000VvmTxIAJ,High Touch
001Px00000VvmU1IAJ,Tech Touch
001Px00000VvmXWIAZ,Tech Touch
001Px00000VvmXaIAJ,Tech Touch
001Px00000Vvmi9IAB,Tech Touch
001Px00000VvmiTIAR,Tech Touch
001Px00000Vvmn9IAB,Tech Touch
001Px00000VvmpIIAR,Tech Touch
001Px00000VvmspIAB,Mid Touch
001Px00000VvmsvIAB,Tech Touch
001Px00000VvmtoIAB,Tech Touch
001Px00000VvmtvIAB,Tech Touch
001Px00000Vvn62IAB,High Touch
001Px00000Vvn6bIAB,Tech Touch
001Px00000Vvn6yIAB,Tech Touch
001Px00000VvnDRIAZ,Tech Touch
001Px00000VvnDVIAZ,Tech Touch
001Px00000VvnKMIAZ,Tech Touch
001Px00000VvnLQIAZ,Tech Touch
001Px00000VvndeIAB,Tech Touch
001Px00000Vvne3IAB,Tech Touch
001Px00000VvngVIAR,Tech Touch
001Px00000Vvo2jIAB,Tech Touch
001Px00000Vvo4iIAB,Tech Touch
001Px00000Vvo89IAB,Tech Touch
001Px00000Vvo94IAB,Tech Touch
001Px00000VvoGPIAZ,Tech Touch
001Px00000VvoGnIAJ,Tech Touch
001Px00000VvoKuIAJ,Tech Touch
001Px00000VvoQ4IAJ,Tech Touch
001Px00000VvoSRIAZ,Mid Touch
001Px00000VvoSrIAJ,Tech Touch
001Px00000VvoedIAB,Tech Touch
001Px00000Vvof4IAB,Low Touch
001Px00000VvojLIAR,Low Touch
001Px00000VvokBIAR,Tech Touch
001Px00000VvolEIAR,Mid Touch
001Px00000VvolgIAB,Low Touch
001Px00000VvotjIAB,Mid Touch
001Px00000VvottIAB,Tech Touch
001Px00000Vvou8IAB,Tech Touch
001Px00000Vvou9IAB,Mid Touch
001Px00000Vvp5eIAB,Tech Touch
001Px00000Vvp5yIAB,Tech Touch
001Px00000Vvp6rIAB,Tech Touch
001Px00000Vvp77IAB,Tech Touch
001Px00000VvpBxIAJ,Low Touch
001Px00000VvpEYIAZ,Tech Touch
001Px00000VvpElIAJ,Tech Touch
001Px00000VvpEsIAJ,Tech Touch
001Px00000VvpKgIAJ,Tech Touch
001Px00000VvpN8IAJ,Tech Touch
001Px00000VvpOGIAZ,Tech Touch
001Px00000VvpRNIAZ,Low Touch
001Px00000VvpRsIAJ,High Touch
001Px00000VvpTpIAJ,Mid Touch
001Px00000VvpU2IAJ,Tech Touch
001Px00000VvpU3IAJ,Tech Touch
001Px00000VvpUFIAZ,Tech Touch
001Px00000VvpUcIAJ,Tech Touch
001Px00000VvpUvIAJ,Tech Touch
001Px00000VvpV6IAJ,Tech Touch
001Px00000VvpVVIAZ,Tech Touch
001Px00000VvpWPIAZ,Tech Touch
001Px00000VvpWkIAJ,Mid Touch
001Px00000VvpWsIAJ,High Touch
001Px00000VvpWwIAJ,Low Touch
001Px00000VvpZeIAJ,Tech Touch
001Px00000VvpbzIAB,Tech Touch
001Px00000Vvpc1IAB,Low Touch
001Px00000VvpcgIAB,Tech Touch
001Px00000VvpcnIAB,Low Touch
001Px00000VvpdPIAR,Tech Touch
001Px00000VvpdUIAR,Low Touch
001Px00000VvpdrIAB,High Touch
001Px00000VvpdsIAB,Mid Touch
001Px00000VvpdtIAB,Mid Touch
001Px00000VvpdwIAB,Mid Touch
001Px00000VvpeMIAR,Mid Touch
001Px00000VvpenIAB,Tech Touch
001Px00000Vvpf1IAB,Low Touch
001Px00000VvpglIAB,High Touch
001Px00000VvphCIAR,Tech Touch
001Px00000VvptbIAB,Tech Touch
001Px00000VvptgIAB,Low Touch
001Px00000VvptiIAB,Tech Touch
001Px00000VvptoIAB,Tech Touch
001Px00000VvpuAIAR,Mid Touch
001Px00000VvpuKIAR,Mid Touch
001Px00000VvpuPIAR,Low Touch
001Px00000VvpucIAB,Mid Touch
001Px00000VvpvDIAR,Tech Touch
001Px00000VvpwKIAR,Tech Touch
001Px00000VvpwsIAB,Tech Touch
001Px00000Vvpx9IAB,Tech Touch
001Px00000VvpxUIAR,Tech Touch
001Px00000VvpxfIAB,Low Touch
001Px00000VvpxpIAB,Tech Touch
001Px00000Vvq3FIAR,Tech Touch
001Px00000Vvq5oIAB,Tech Touch
001Px00000Vvq6TIAR,High Touch
001Px00000VvqG9IAJ,Tech Touch
001Px00000VvqODIAZ,Low Touch
001Px00000VvqOIIAZ,Low Touch
001Px00000VvqQAIAZ,High Touch
001Px00000VvqT3IAJ,Tech Touch
001Px00000VvqTAIAZ,Mid Touch
001Px00000VvrAeIAJ,Mid Touch
001Px00000VvramIAB,Tech Touch
001Px00000VvrbmIAB,Tech Touch
001Px00000VvrcxIAB,Mid Touch
001Px00000VvrmnIAB,Tech Touch
001Px00000VvrnBIAR,Tech Touch
001Px00000VvrnFIAR,Tech Touch
001Px00000VvrpdIAB,Tech Touch
001Px00000VvrpgIAB,Mid Touch
001Px00000VvrpiIAB,Tech Touch
001Px00000VvrqCIAR,Tech Touch
001Px00000VvruCIAR,Mid Touch
001Px00000VvrzLIAR,Tech Touch
001Px00000VvrztIAB,Tech Touch
001Px00000Vvs5nIAB,Tech Touch
001Px00000Vvs5uIAB,Low Touch
001Px00000Vvs6TIAR,Tech Touch
001Px00000Vvs9wIAB,Tech Touch
001Px00000VvsBlIAJ,Tech Touch
001Px00000VvsCSIAZ,High Touch
001Px00000VvsCbIAJ,Tech Touch
001Px00000VvsCvIAJ,Tech Touch
001Px00000VvsEFIAZ,Tech Touch
001Px00000VvsEXIAZ,Tech Touch
001Px00000VvsGZIAZ,Mid Touch
001Px00000VvsLHIAZ,Low Touch
001Px00000VvsMYIAZ,Tech Touch
001Px00000VvsMqIAJ,High Touch
001Px00000VvsYRIAZ,Tech Touch
001Px00000VvsfaIAB,Tech Touch
001Px00000Vvt5JIAR,Mid Touch
001Px00000Vvt9cIAB,Tech Touch
001Px00000VvtMVIAZ,Mid Touch
001Px00000VvtRVIAZ,Tech Touch
001Px00000VvtSBIAZ,Tech Touch
001Px00000VvtXwIAJ,Tech Touch
001Px00000VvtYRIAZ,Tech Touch
001Px00000VvtkLIAR,Mid Touch
001Px00000Vvu2BIAR,Tech Touch
001Px00000Vvu2dIAB,High Touch
001Px00000Vvu2hIAB,Tech Touch
001Px00000Vvu5CIAR,Low Touch
001Px00000VvuI2IAJ,Low Touch
001Px00000VvuLRIAZ,Low Touch
001Px00000VvuLmIAJ,Tech Touch
001Px00000VvuLqIAJ,Tech Touch
001Px00000VvuM0IAJ,Tech Touch
001Px00000VvuM1IAJ,Tech Touch
001Px00000VvuMAIAZ,Mid Touch
001Px00000VvuMDIAZ,Tech Touch
001Px00000VvuQKIAZ,Mid Touch
001Px00000VvuS2IAJ,Tech Touch
001Px00000VvuSYIAZ,Tech Touch
001Px00000VvuSgIAJ,Tech Touch
001Px00000VvuV5IAJ,Tech Touch
001Px00000VvufOIAR,Mid Touch
001Px00000VvufdIAB,Mid Touch
001Px00000VvujWIAR,Mid Touch
001Px00000Vvv3QIAR,Tech Touch
001Px00000Vvv4CIAR,Tech Touch
001Px00000Vvv57IAB,Low Touch
001Px00000VvvErIAJ,Tech Touch
001Px00000VvvF9IAJ,Tech Touch
001Px00000VvvNCIAZ,Tech Touch
001Px00000VvvNhIAJ,Low Touch
001Px00000VvvUPIAZ,Tech Touch
001Px00000VvvWTIAZ,Tech Touch
001Px00000VvvWlIAJ,Tech Touch
001Px00000VvvXVIAZ,Tech Touch
001Px00000VvvXWIAZ,Tech Touch
001Px00000VvvZZIAZ,Tech Touch
001Px00000VvviLIAR,Tech Touch
001Px00000VvviTIAR,Low Touch
001Px00000VvviZIAR,Tech Touch
001Px00000VvvibIAB,Tech Touch
001Px00000VvvilIAB,Tech Touch
001Px00000VvvjyIAB,Tech Touch
001Px00000Vvw3pIAB,Tech Touch
001Px00000VvwAHIAZ,Tech Touch
001Px00000VvwD6IAJ,Tech Touch
001Px00000VvwFXIAZ,Mid Touch
001Px00000VvwGGIAZ,Mid Touch
001Px00000VvwGhIAJ,Tech Touch
001Px00000VvwVZIAZ,Tech Touch
001Px00000VvwVcIAJ,Tech Touch
001Px00000VvwWvIAJ,Tech Touch
001Px00000VvwX4IAJ,Tech Touch
001Px00000VvwkDIAR,Tech Touch
001Px00000VvwkGIAR,Tech Touch
001Px00000VvwkLIAR,Low Touch
001Px00000VvwnmIAB,Tech Touch
001Px00000VvwnnIAB,Low Touch
001Px00000Vvx1VIAR,Tech Touch
001Px00000Vvx3NIAR,Tech Touch
001Px00000Vvx3OIAR,Tech Touch
001Px00000Vvx3VIAR,Tech Touch
001Px00000Vvx3gIAB,Tech Touch
001Px00000VvxJHIAZ,Tech Touch
001Px00000VvxR3IAJ,Tech Touch
001Px00000VvxR8IAJ,Low Touch
001Px00000VvxRiIAJ,Mid Touch
001Px00000VvxS8IAJ,Low Touch
001Px00000VvxStIAJ,Tech Touch
001Px00000VvxceIAB,Tech Touch
001Px00000VvyCDIAZ,Tech Touch
001Px00000VvynYIAR,Tech Touch
001Px00000VvyovIAB,High Touch
001Px00000VvzBQIAZ,High Touch
001Px00000Vw0HsIAJ,Tech Touch
001Px00000Vw0I0IAJ,Tech Touch
001Px00000Vw0IbIAJ,Tech Touch
001Px00000Vw2rKIAR,Tech Touch
001Px00000Vw73CIAR,Tech Touch
001Px00000VwBZ3IAN,Low Touch
001Px00000VwJUBIA3,Tech Touch
001Px00000VwJUDIA3,Tech Touch
001Px00000VwJUHIA3,Tech Touch
001Px00000VwJUTIA3,Tech Touch
001Px00000VwJUXIA3,Tech Touch
001Px00000VwK10IAF,Tech Touch
001Px00000VwMKzIAN,Tech Touch
001Px00000VwMLNIA3,Low Touch
001Px00000VwMLVIA3,Low Touch
001Px00000VwMLxIAN,Tech Touch
001Px00000VwMUTIA3,Tech Touch
001Px00000VwMiCIAV,Tech Touch
001Px00000VwMiWIAV,High Touch
001Px00000VwMijIAF,Tech Touch
001Px00000VwMilIAF,Tech Touch
001Px00000VwMwRIAV,Tech Touch
001Px00000VwNXmIAN,Low Touch
001Px00000VwOt2IAF,Tech Touch
001Px00000VwOt4IAF,Tech Touch
001Px00000VwOtDIAV,Tech Touch
001Px00000VwP1GIAV,Tech Touch
001Px00000VwPS9IAN,Tech Touch
001Px00000VwROyIAN,Mid Touch
001Px00000VwSCaIAN,Tech Touch
001Px00000VwSD3IAN,Mid Touch
001Px00000VwWE3IAN,Tech Touch
001Px00000VwWF9IAN,Tech Touch
001Px00000VwWPJIA3,Tech Touch
001Px00000VwWPUIA3,Tech Touch
001Px00000VwWQCIA3,Low Touch
001Px00000VwWQaIAN,Tech Touch
001Px00000VwWSbIAN,Tech Touch
001Px00000VwWSkIAN,Tech Touch
001Px00000VwWTmIAN,Tech Touch
001Px00000VwY3jIAF,Tech Touch
001Px00000VwYKVIA3,Tech Touch
001Px00000VwYVBIA3,Tech Touch
001Px00000VwYpcIAF,Tech Touch
001Px00000VwZk5IAF,Tech Touch
001Px00000VwbgHIAR,Tech Touch
001Px00000Vwc72IAB,Tech Touch
001Px00000Vwe5OIAR,Tech Touch
001Px00000VweN9IAJ,Tech Touch
001Px00000Vwgt5IAB,Tech Touch
001Px00000Vwh9wIAB,Tech Touch
001Px00000VwhJiIAJ,Tech Touch
001Px00000VwiKIIAZ,Tech Touch
001Px00000VxYQGIA3,Tech Touch
001Px00000Vy9HlIAJ,Tech Touch
001Px00000VyEkoIAF,Tech Touch
001Px00000VyIdNIAV,Tech Touch
001Px00000VyIdWIAV,Mid Touch
001Px00000VyIdcIAF,Tech Touch
001Px00000VyIe9IAF,Tech Touch
001Px00000VyKoEIAV,Tech Touch
001Px00000VyKoFIAV,Tech Touch
001Px00000VyMWIIA3,Tech Touch
001Px00000VyNGLIA3,Low Touch
001Px00000VyNGgIAN,Tech Touch
001Px00000VyNGiIAN,Tech Touch
001Px00000VyNHHIA3,Mid Touch
001Px00000VyPsaIAF,Tech Touch
001Px00000WkN5KIAV,Tech Touch
001Px00000WkhfRIAR,Tech Touch
001Px00000Wyhe1IAB,Low Touch
001Px00000XKTxLIAX,Low Touch
001Px00000Xs1UiIAJ,Tech Touch
001Px00000Xs1UmIAJ,Tech Touch
001Px00000Xs1UnIAJ,Tech Touch
001Px00000Xs1V6IAJ,High Touch
001Px00000Xs1VJIAZ,Tech Touch
001Px00000Xs1VPIAZ,Tech Touch
001Px00000Xs1VWIAZ,Tech Touch
001Px00000Xs1VXIAZ,Tech Touch
001Px00000Xs1hAIAR,Tech Touch
001Px00000Xs1hHIAR,Tech Touch
001Px00000Xs1hNIAR,Tech Touch
001Px00000Xs1hnIAB,Tech Touch
001Px00000Xs1i6IAB,Tech Touch
001Px00000Xs1iAIAR,Tech Touch
001Px00000Xs1iCIAR,Tech Touch
001Px00000Xs1iFIAR,Tech Touch
001Px00000Xs1iKIAR,Tech Touch
001Px00000Xs1iLIAR,Tech Touch
001Px00000Xs1iNIAR,Tech Touch
001Px00000XsUMaIAN,Tech Touch
001Px00000XsUMcIAN,Tech Touch
001Px00000XsUMeIAN,Tech Touch
001Px00000XsUN6IAN,Tech Touch
001Px00000XsUNCIA3,Tech Touch
001Px00000XsUNHIA3,Tech Touch
001Px00000XsUNQIA3,Tech Touch
001Px00000XsUNcIAN,Tech Touch
001Px00000XsUNeIAN,Tech Touch
001Px00000XsUeCIAV,Tech Touch
001Px00000XsUeFIAV,Tech Touch
001Px00000XsUeLIAV,Tech Touch
001Px00000XsUeMIAV,Tech Touch
001Px00000XsUePIAV,Tech Touch
001Px00000XsUeYIAV,Tech Touch
001Px00000XsUeeIAF,Tech Touch
001Px00000XsUenIAF,Tech Touch
001Px00000XsUeoIAF,Tech Touch
001Px00000XsUf1IAF,Tech Touch
001Px00000XsUfBIAV,Tech Touch
001Px00000XsUfaIAF,Tech Touch
001Px00000XsUfcIAF,Tech Touch
001Px00000XsUpiIAF,Tech Touch
001Px00000XsUpjIAF,Tech Touch
001Px00000XsUppIAF,Tech Touch
001Px00000XsUpwIAF,Tech Touch
001Px00000XsUpzIAF,Tech Touch
001Px00000XsUq5IAF,Tech Touch
001Px00000XsUq6IAF,Tech Touch
001Px00000XsUq9IAF,Tech Touch
001Px00000XsUqGIAV,Tech Touch
001Px00000XsUqLIAV,Tech Touch
001Px00000XsUqMIAV,Tech Touch
001Px00000XsUqiIAF,Tech Touch
001Px00000XsUqtIAF,Tech Touch
001Px00000XsUstIAF,Tech Touch
001Px00000XsUt1IAF,Tech Touch
001Px00000XsUt3IAF,Tech Touch
001Px00000XsUt4IAF,Tech Touch
001Px00000XsUtfIAF,Tech Touch
001Px00000XsUtkIAF,Tech Touch
001Px00000XsUtzIAF,Tech Touch
001Px00000XsUu3IAF,Tech Touch
001Px00000XsUu5IAF,Tech Touch
001Px00000XsVddIAF,Tech Touch
001Px00000XsVdhIAF,Tech Touch
001Px00000XsVdsIAF,Tech Touch
001Px00000XsVduIAF,Tech Touch
001Px00000XsVdvIAF,Tech Touch
001Px00000XsVe8IAF,Tech Touch
001Px00000XsVeHIAV,Tech Touch
001Px00000XsVeZIAV,Tech Touch
001Px00000XsVenIAF,Tech Touch
001Px00000XsVeoIAF,Tech Touch
001Px00000XsVhBIAV,Tech Touch
001Px00000XsVhUIAV,Tech Touch
001Px00000XsVhmIAF,Tech Touch
001Px00000XsVhqIAF,Tech Touch
001Px00000XsVi1IAF,Tech Touch
001Px00000XsVi6IAF,Tech Touch
001Px00000XsVi7IAF,Tech Touch
001Px00000XsVi8IAF,Tech Touch
001Px00000XsaDUIAZ,Tech Touch
001Px00000XsaDaIAJ,Tech Touch
001Px00000XsaDlIAJ,Tech Touch
001Px00000XsaDvIAJ,Tech Touch
001Px00000XsaESIAZ,Tech Touch
001Px00000XsaEdIAJ,Tech Touch
001Px00000XsbrIIAR,Tech Touch
001Px00000XsbrkIAB,Tech Touch
001Px00000Xsbs5IAB,Tech Touch
001Px00000Xsbs6IAB,Tech Touch
001Px00000Xsbs7IAB,Tech Touch
001Px00000Xsbs9IAB,Tech Touch
001Px00000XsbsAIAR,Tech Touch
001Px00000XscvFIAR,Tech Touch
001Px00000XscvSIAR,Tech Touch
001Px00000XscvYIAR,Tech Touch
001Px00000XscvaIAB,Tech Touch
001Px00000XscvbIAB,Tech Touch
001Px00000XscvuIAB,Tech Touch
001Px00000Xscw1IAB,Tech Touch
001Px00000Xscw5IAB,Tech Touch
001Px00000XscwKIAR,Tech Touch
001Px00000XscwRIAR,Tech Touch
001Px00000XscwUIAR,Tech Touch
001Px00000Xsg19IAB,Tech Touch
001Px00000Xsg1RIAR,Tech Touch
001Px00000Xsg1SIAR,Tech Touch
001Px00000Xsg1UIAR,Tech Touch
001Px00000Xsg1eIAB,Tech Touch
001Px00000Xsg1nIAB,Tech Touch
001Px00000Xsg1vIAB,Tech Touch
001Px00000Xsg1wIAB,Tech Touch
001Px00000Xsg22IAB,Tech Touch
001Px00000Xsg2DIAR,Tech Touch
001Px00000Xsg2NIAR,Tech Touch
001Px00000XsgCSIAZ,Tech Touch
001Px00000XsgCyIAJ,Tech Touch
001Px00000XsgD0IAJ,Tech Touch
001Px00000XsgDKIAZ,Tech Touch
001Px00000XsgDMIAZ,Tech Touch
001Px00000XsgDTIAZ,Tech Touch
001Px00000XsgDWIAZ,Tech Touch
001Px00000Xsi4NIAR,Tech Touch
001Px00000Xsi4OIAR,Tech Touch
001Px00000Xsi4WIAR,Tech Touch
001Px00000Xsi4YIAR,Tech Touch
001Px00000Xsi4gIAB,Tech Touch
001Px00000Xsi4rIAB,Tech Touch
001Px00000Xsi52IAB,Tech Touch
001Px00000Xsi5kIAB,Tech Touch
001Px00000XsiZ2IAJ,Tech Touch
001Px00000XsiZ4IAJ,Tech Touch
001Px00000XsiZMIAZ,Tech Touch
001Px00000XsiZTIAZ,Tech Touch
001Px00000XsiZVIAZ,Tech Touch
001Px00000XsiZuIAJ,Tech Touch
001Px00000XsiaQIAR,Tech Touch
001Px00000XskcSIAR,Tech Touch
001Px00000Xske4IAB,Tech Touch
001Px00000XskeCIAR,Tech Touch
001Px00000XskeDIAR,Tech Touch
001Px00000XskhFIAR,Tech Touch
001Px00000XskhMIAR,Tech Touch
001Px00000XskisIAB,Tech Touch
001Px00000XskndIAB,Tech Touch
001Px00000XskngIAB,Tech Touch
001Px00000XskpHIAR,Tech Touch
001Px00000XskquIAB,Tech Touch
001Px00000Xsku7IAB,Tech Touch
001Px00000XskuGIAR,Tech Touch
001Px00000XskyzIAB,Tech Touch
001Px00000Xskz6IAB,Tech Touch
001Px00000Xsl0cIAB,Tech Touch
001Px00000Xsl0dIAB,Tech Touch
001Px00000Xsl0eIAB,Tech Touch
001Px00000Xsl2IIAR,Tech Touch
001Px00000Xsl2NIAR,Tech Touch
001Px00000Xsl5TIAR,Tech Touch
001Px00000ZAsnpIAD,Tech Touch
001Px00000bGCb1IAG,Tech Touch
001Px00000cAI9VIAW,Tech Touch
001Tm000004sj4OIAQ,Tech Touch
001Tm00000ME7ZrIAL,Tech Touch
001Tm00000MEAuKIAX,Tech Touch
001Tm00000MEBDvIAP,Tech Touch
001Tm00000MEBEFIA5,Mid Touch
001Tm00000MEBbrIAH,Tech Touch
001Tm00000MEBd4IAH,Tech Touch
001Tm00000MEBn2IAH,Tech Touch
001Tm00000MEBoNIAX,Tech Touch
001Tm00000MECnLIAX,Tech Touch
001Tm00000MED2TIAX,Tech Touch
001Tm00000MED34IAH,Tech Touch
001Tm00000MEDUOIA5,Tech Touch
001Tm00000MEFPUIA5,Tech Touch
001Tm00000MEFxrIAH,Mid Touch
001Tm00000MEFyaIAH,Tech Touch
001Tm00000MEG8lIAH,Mid Touch
001Tm00000MEG93IAH,Tech Touch
001Tm00000MEG9GIAX,Tech Touch
001Tm00000MEG9JIAX,Tech Touch
001Tm00000MEGFjIAP,Low Touch
001Tm00000MEGejIAH,Tech Touch
001Tm00000MEGf0IAH,Tech Touch
001Tm00000MEGg2IAH,Tech Touch
001Tm00000MEIDIIA5,Mid Touch
001Tm00000MEIZyIAP,Tech Touch
001Tm00000MEIarIAH,Tech Touch
001Tm00000MEIsTIAX,Low Touch
001Tm00000MEKKkIAP,Tech Touch
001Tm00000MEKRpIAP,Tech Touch
001Tm00000MELPvIAP,Tech Touch
001Tm00000MEM5iIAH,Low Touch
001Tm00000MEM6oIAH,Tech Touch
001Tm00000MEM8KIAX,Tech Touch
001Tm00000MEMAfIAP,Tech Touch
001Tm00000MEMAsIAP,Tech Touch
001Tm00000MEMAuIAP,Tech Touch
001Tm00000MEMAwIAP,Tech Touch
001Tm00000MEMBcIAP,Tech Touch
001Tm00000MEMaMIAX,Tech Touch
001Tm00000MEMbCIAX,Tech Touch
001Tm00000MEMgqIAH,Tech Touch
001Tm00000MEMhfIAH,Tech Touch
001Tm00000MEMzvIAH,Tech Touch
001Tm00000MEN3VIAX,Tech Touch
001Tm00000MEN4YIAX,Tech Touch
001Tm00000MENLYIA5,Tech Touch
001Tm00000MEOZsIAP,Tech Touch
001Tm00000MEOg6IAH,Tech Touch
001Tm00000MEOo5IAH,Tech Touch
001Tm00000MEOv2IAH,Tech Touch
001Tm00000MEP1QIAX,Tech Touch
001Tm00000MEP2VIAX,Tech Touch
001Tm00000MEPYqIAP,Tech Touch
001Tm00000MEPaGIAX,High Touch
001Tm00000MEPaJIAX,Tech Touch
001Tm00000MEPdLIAX,Mid Touch
001Tm00000MEPeKIAX,Tech Touch
001Tm00000MEPgKIAX,Tech Touch
001Tm00000MEPmLIAX,Tech Touch
001Tm00000MEPxjIAH,Tech Touch
001Tm00000MEQ5RIAX,Tech Touch
001Tm00000MEROpIAP,Tech Touch
001Tm00000MERP2IAP,Tech Touch
001Tm00000MERpiIAH,Tech Touch
001Tm00000MESE6IAP,Tech Touch
001Tm00000MESELIA5,Tech Touch
001Tm00000MESEoIAP,Tech Touch
001Tm00000MESFqIAP,Tech Touch
001Tm00000MESQfIAP,Tech Touch
001Tm00000MESmXIAX,Tech Touch
001Tm00000MESmwIAH,Tech Touch
001Tm00000MESpHIAX,Tech Touch
001Tm00000MET8xIAH,Tech Touch
001Tm00000METNKIA5,Tech Touch
001Tm00000METO6IAP,Tech Touch
001Tm00000METObIAP,Tech Touch
001Tm00000METXkIAP,Tech Touch
001Tm00000METXrIAP,Tech Touch
001Tm00000METn6IAH,Tech Touch
001Tm00000METruIAH,Tech Touch
001Tm00000METyVIAX,Tech Touch
001Tm00000MEU7OIAX,Tech Touch
001Tm00000MEUJRIA5,Tech Touch
001Tm00000MEUJaIAP,Tech Touch
001Tm00000MEUKVIA5,Tech Touch
001Tm00000MEUUJIA5,Tech Touch
001Tm00000MEUbhIAH,Tech Touch
001Tm00000MEV2TIAX,Tech Touch
001Tm00000MEV7cIAH,Tech Touch
001Tm00000MEV8iIAH,High Touch
001Tm00000MEV90IAH,Tech Touch
001Tm00000MEVAuIAP,Tech Touch
001Tm00000MEVBUIA5,Tech Touch
001Tm00000MEVC7IAP,Tech Touch
001Tm00000MEVH1IAP,Tech Touch
001Tm00000MEVLQIA5,Tech Touch
001Tm00000MEVO4IAP,Tech Touch
001Tm00000MEVOkIAP,Tech Touch
001Tm00000MEVfKIAX,Tech Touch
001Tm00000MEVfsIAH,Tech Touch
001Tm00000MEVgAIAX,Tech Touch
001Tm00000MEVhbIAH,Tech Touch
001Tm00000MEWLYIA5,Tech Touch
001Tm00000MEWLxIAP,Tech Touch
001Tm00000MEWMFIA5,Tech Touch
001Tm00000MEWVyIAP,Tech Touch
001Tm00000MKZcuIAH,Tech Touch
001Tm00000MtCXdIAN,Tech Touch
001Tm00000MtHBEIA3,Tech Touch
001Tm00000MtJnWIAV,Tech Touch
001Tm00000MtMASIA3,Tech Touch
001Tm00000MtO3FIAV,Tech Touch
001Tm00000MtRaQIAV,Tech Touch
001Tm00000MtRalIAF,Tech Touch
001Tm00000MtSc0IAF,Tech Touch
001Tm00000MtVYrIAN,Tech Touch
001Tm00000MtWIWIA3,Tech Touch
001Tm00000MtWKSIA3,Mid Touch
001Tm00000MtWXQIA3,Low Touch
001Tm00000MtWXZIA3,Low Touch
001Tm00000MtWY7IAN,Mid Touch
001Tm00000MtX0wIAF,Mid Touch
001Tm00000MtX1CIAV,Low Touch
001Tm00000MtXOSIA3,Tech Touch
001Tm00000MtXRmIAN,Tech Touch
