AccountId,TeamMemberRole,AccountAccessLevel,OpportunityAccessLevel,CaseAccessLevel,ContactAccessLevel
0014L00000MxiQLQAZ,Law.com CSM,Edit,Read,None,Edit
0014L00000SPlWoQAL,Law.com CSM,Edit,Read,None,Edit
0014L00000TxLVmQAN,Law.com CSM,Edit,Read,None,Edit
0014L00000XNtHIQA1,Law.com CSM,Edit,Read,None,Edit
0014L00000k4r85QAA,Law.com CSM,Edit,Read,None,Edit
0014L00000lO54DQAS,Law.com CSM,Edit,Read,None,Edit
0016g00001ANlWzAAL,Law.com CSM,Edit,Read,None,Edit
0016g00001ANndmAAD,Law.com CSM,Edit,Read,None,Edit
0016g00001ANo7sAAD,Law.com CSM,Edit,Read,None,Edit
0016g00001ANoLTAA1,Law.com CSM,Edit,Read,None,Edit
0016g00001ANre8AAD,Law.com CSM,Edit,Read,None,Edit
0016g00001ANu2bAAD,Law.com CSM,Edit,Read,None,Edit
0016g00001ANv7tAAD,Law.com CSM,Edit,Read,None,Edit
0016g00001ANv89AAD,Law.com CSM,Edit,Read,None,Edit
0016g00001ANwMUAA1,Law.com CSM,Edit,Read,None,Edit
0016g00001ANxMBAA1,Law.com CSM,Edit,Read,None,Edit
0016g00001ANy5BAAT,Law.com CSM,Edit,Read,None,Edit
0016g00001AO02xAAD,Law.com CSM,Edit,Read,None,Edit
0016g00001AO0kmAAD,Law.com CSM,Edit,Read,None,Edit
0016g00001AO6sVAAT,Law.com CSM,Edit,Read,None,Edit
0016g00001AO6vTAAT,Law.com CSM,Edit,Read,None,Edit
0016g00001AO886AAD,Law.com CSM,Edit,Read,None,Edit
0016g00001AO8KdAAL,Law.com CSM,Edit,Read,None,Edit
0016g00001AO93bAAD,Law.com CSM,Edit,Read,None,Edit
0016g00001AO98zAAD,Law.com CSM,Edit,Read,None,Edit
0016g00001AO9DaAAL,Law.com CSM,Edit,Read,None,Edit
0016g00001AOAvdAAH,Law.com CSM,Edit,Read,None,Edit
0016g00001AODNyAAP,Law.com CSM,Edit,Read,None,Edit
0016g00001AOESHAA5,Law.com CSM,Edit,Read,None,Edit
0016g00001AOG5oAAH,Law.com CSM,Edit,Read,None,Edit
0016g00001AOGEtAAP,Law.com CSM,Edit,Read,None,Edit
0016g00001AOGSKAA5,Law.com CSM,Edit,Read,None,Edit
0016g00001AOGgrAAH,Law.com CSM,Edit,Read,None,Edit
0016g00001AOJBQAA5,Law.com CSM,Edit,Read,None,Edit
0016g00001AOJE2AAP,Law.com CSM,Edit,Read,None,Edit
0016g00001AOJe3AAH,Law.com CSM,Edit,Read,None,Edit
0016g00001AOKacAAH,Law.com CSM,Edit,Read,None,Edit
0016g00001AOLOIAA5,Law.com CSM,Edit,Read,None,Edit
0016g00001AONseAAH,Law.com CSM,Edit,Read,None,Edit
0016g00001AOO5yAAH,Law.com CSM,Edit,Read,None,Edit
0016g00001AOPt7AAH,Law.com CSM,Edit,Read,None,Edit
0016g00001AOPtFAAX,Law.com CSM,Edit,Read,None,Edit
0016g00001AOPyNAAX,Law.com CSM,Edit,Read,None,Edit
0016g00001AORGzAAP,Law.com CSM,Edit,Read,None,Edit
0016g00001AORxPAAX,Law.com CSM,Edit,Read,None,Edit
0016g00001AOS5XAAX,Law.com CSM,Edit,Read,None,Edit
0016g00001AOST7AAP,Law.com CSM,Edit,Read,None,Edit
0016g00001AOTs5AAH,Law.com CSM,Edit,Read,None,Edit
0016g00001AOUCOAA5,Law.com CSM,Edit,Read,None,Edit
0016g00001AOVFpAAP,Law.com CSM,Edit,Read,None,Edit
0016g00001AOVVgAAP,Law.com CSM,Edit,Read,None,Edit
0016g00001AOWv7AAH,Law.com CSM,Edit,Read,None,Edit
0016g00001AOXxJAAX,Law.com CSM,Edit,Read,None,Edit
0016g00001AOYY5AAP,Law.com CSM,Edit,Read,None,Edit
0016g00001AOYdxAAH,Law.com CSM,Edit,Read,None,Edit
0016g00001AOa8wAAD,Law.com CSM,Edit,Read,None,Edit
0016g00001AObDpAAL,Law.com CSM,Edit,Read,None,Edit
0016g00001AObXxAAL,Law.com CSM,Edit,Read,None,Edit
0016g00001AObhhAAD,Law.com CSM,Edit,Read,None,Edit
0016g00001AOd4LAAT,Law.com CSM,Edit,Read,None,Edit
0016g00001AOel4AAD,Law.com CSM,Edit,Read,None,Edit
0016g00001AOezYAAT,Law.com CSM,Edit,Read,None,Edit
0016g00001AOfzlAAD,Law.com CSM,Edit,Read,None,Edit
0016g00001AOgIdAAL,Law.com CSM,Edit,Read,None,Edit
0016g00001AOgRFAA1,Law.com CSM,Edit,Read,None,Edit
0016g00001AOgazAAD,Law.com CSM,Edit,Read,None,Edit
0016g00001AOhacAAD,Law.com CSM,Edit,Read,None,Edit
0016g00001AOi4IAAT,Law.com CSM,Edit,Read,None,Edit
001Px00000VvDSxIAN,Law.com CSM,Edit,Read,None,Edit
001Px00000VvFYlIAN,Law.com CSM,Edit,Read,None,Edit
001Px00000VvFYyIAN,Law.com CSM,Edit,Read,None,Edit
001Px00000VvFZTIA3,Law.com CSM,Edit,Read,None,Edit
001Px00000VvFZkIAN,Law.com CSM,Edit,Read,None,Edit
001Px00000VvILXIA3,Law.com CSM,Edit,Read,None,Edit
001Px00000VvL1YIAV,Law.com CSM,Edit,Read,None,Edit
001Px00000VvLcyIAF,Law.com CSM,Edit,Read,None,Edit
001Px00000VvMHlIAN,Law.com CSM,Edit,Read,None,Edit
001Px00000VvMLoIAN,Law.com CSM,Edit,Read,None,Edit
001Px00000VvMMSIA3,Law.com CSM,Edit,Read,None,Edit
001Px00000VvMmWIAV,Law.com CSM,Edit,Read,None,Edit
001Px00000VvMytIAF,Law.com CSM,Edit,Read,None,Edit
001Px00000VvMzFIAV,Law.com CSM,Edit,Read,None,Edit
001Px00000VvMzVIAV,Law.com CSM,Edit,Read,None,Edit
001Px00000VvNUSIA3,Law.com CSM,Edit,Read,None,Edit
001Px00000VvO7XIAV,Law.com CSM,Edit,Read,None,Edit
001Px00000VvO87IAF,Law.com CSM,Edit,Read,None,Edit
001Px00000VvO8ZIAV,Law.com CSM,Edit,Read,None,Edit
001Px00000VvOFlIAN,Law.com CSM,Edit,Read,None,Edit
001Px00000VvOFnIAN,Law.com CSM,Edit,Read,None,Edit
001Px00000VvOGHIA3,Law.com CSM,Edit,Read,None,Edit
001Px00000VvOGOIA3,Law.com CSM,Edit,Read,None,Edit
001Px00000VvOGTIA3,Law.com CSM,Edit,Read,None,Edit
001Px00000VvOYmIAN,Law.com CSM,Edit,Read,None,Edit
001Px00000VvOYnIAN,Law.com CSM,Edit,Read,None,Edit
001Px00000VvOYtIAN,Law.com CSM,Edit,Read,None,Edit
001Px00000VvOYyIAN,Law.com CSM,Edit,Read,None,Edit
001Px00000VvOZLIA3,Law.com CSM,Edit,Read,None,Edit
001Px00000VvOZZIA3,Law.com CSM,Edit,Read,None,Edit
001Px00000VvOZkIAN,Law.com CSM,Edit,Read,None,Edit
001Px00000VvOZsIAN,Law.com CSM,Edit,Read,None,Edit
001Px00000VvOZzIAN,Law.com CSM,Edit,Read,None,Edit
001Px00000VvOa0IAF,Law.com CSM,Edit,Read,None,Edit
001Px00000VvOioIAF,Law.com CSM,Edit,Read,None,Edit
001Px00000VvOjYIAV,Law.com CSM,Edit,Read,None,Edit
001Px00000VvOltIAF,Law.com CSM,Edit,Read,None,Edit
001Px00000VvOlyIAF,Law.com CSM,Edit,Read,None,Edit
001Px00000VvOmRIAV,Law.com CSM,Edit,Read,None,Edit
001Px00000VvOymIAF,Law.com CSM,Edit,Read,None,Edit
001Px00000VvPF0IAN,Law.com CSM,Edit,Read,None,Edit
001Px00000VvPFEIA3,Law.com CSM,Edit,Read,None,Edit
001Px00000VvPFTIA3,Law.com CSM,Edit,Read,None,Edit
001Px00000VvPOlIAN,Law.com CSM,Edit,Read,None,Edit
001Px00000VvPUxIAN,Law.com CSM,Edit,Read,None,Edit
001Px00000VvPVFIA3,Law.com CSM,Edit,Read,None,Edit
001Px00000VvPVHIA3,Law.com CSM,Edit,Read,None,Edit
001Px00000VvPVMIA3,Law.com CSM,Edit,Read,None,Edit
001Px00000VvPVhIAN,Law.com CSM,Edit,Read,None,Edit
001Px00000VvPVxIAN,Law.com CSM,Edit,Read,None,Edit
001Px00000VvPVyIAN,Law.com CSM,Edit,Read,None,Edit
001Px00000VvPW3IAN,Law.com CSM,Edit,Read,None,Edit
001Px00000VvPphIAF,Law.com CSM,Edit,Read,None,Edit
001Px00000VvPq8IAF,Law.com CSM,Edit,Read,None,Edit
001Px00000VvPqaIAF,Law.com CSM,Edit,Read,None,Edit
001Px00000VvPqjIAF,Law.com CSM,Edit,Read,None,Edit
001Px00000VvQnYIAV,Law.com CSM,Edit,Read,None,Edit
001Px00000VvQnnIAF,Law.com CSM,Edit,Read,None,Edit
001Px00000VvQnpIAF,Law.com CSM,Edit,Read,None,Edit
001Px00000VvQo1IAF,Law.com CSM,Edit,Read,None,Edit
001Px00000VvQoFIAV,Law.com CSM,Edit,Read,None,Edit
001Px00000VvQoHIAV,Law.com CSM,Edit,Read,None,Edit
001Px00000VvQoIIAV,Law.com CSM,Edit,Read,None,Edit
001Px00000VvQoOIAV,Law.com CSM,Edit,Read,None,Edit
001Px00000VvQoSIAV,Law.com CSM,Edit,Read,None,Edit
001Px00000VvQqTIAV,Law.com CSM,Edit,Read,None,Edit
001Px00000VvQqUIAV,Law.com CSM,Edit,Read,None,Edit
001Px00000VvQqYIAV,Law.com CSM,Edit,Read,None,Edit
001Px00000VvQqrIAF,Law.com CSM,Edit,Read,None,Edit
001Px00000VvQqsIAF,Law.com CSM,Edit,Read,None,Edit
001Px00000VvQrBIAV,Law.com CSM,Edit,Read,None,Edit
001Px00000VvQrEIAV,Law.com CSM,Edit,Read,None,Edit
001Px00000VvQrFIAV,Law.com CSM,Edit,Read,None,Edit
001Px00000VvQrPIAV,Law.com CSM,Edit,Read,None,Edit
001Px00000VvQrdIAF,Law.com CSM,Edit,Read,None,Edit
001Px00000VvQvWIAV,Law.com CSM,Edit,Read,None,Edit
001Px00000VvQwJIAV,Law.com CSM,Edit,Read,None,Edit
001Px00000VvQwSIAV,Law.com CSM,Edit,Read,None,Edit
001Px00000VvR5PIAV,Law.com CSM,Edit,Read,None,Edit
001Px00000VvR5cIAF,Law.com CSM,Edit,Read,None,Edit
001Px00000VvR5fIAF,Law.com CSM,Edit,Read,None,Edit
001Px00000VvR69IAF,Law.com CSM,Edit,Read,None,Edit
001Px00000VvR6IIAV,Law.com CSM,Edit,Read,None,Edit
001Px00000VvR6LIAV,Law.com CSM,Edit,Read,None,Edit
001Px00000VvR8OIAV,Law.com CSM,Edit,Read,None,Edit
001Px00000VvR8jIAF,Law.com CSM,Edit,Read,None,Edit
001Px00000VvR8nIAF,Law.com CSM,Edit,Read,None,Edit
001Px00000VvRLHIA3,Law.com CSM,Edit,Read,None,Edit
001Px00000VvRaQIAV,Law.com CSM,Edit,Read,None,Edit
001Px00000VvRoBIAV,Law.com CSM,Edit,Read,None,Edit
001Px00000VvRoMIAV,Law.com CSM,Edit,Read,None,Edit
001Px00000VvRosIAF,Law.com CSM,Edit,Read,None,Edit
001Px00000VvRoxIAF,Law.com CSM,Edit,Read,None,Edit
001Px00000VvRp8IAF,Law.com CSM,Edit,Read,None,Edit
001Px00000VvSKqIAN,Law.com CSM,Edit,Read,None,Edit
001Px00000VvSLAIA3,Law.com CSM,Edit,Read,None,Edit
001Px00000VvSLJIA3,Law.com CSM,Edit,Read,None,Edit
001Px00000VvSLLIA3,Law.com CSM,Edit,Read,None,Edit
001Px00000VvSPyIAN,Law.com CSM,Edit,Read,None,Edit
001Px00000VvTB3IAN,Law.com CSM,Edit,Read,None,Edit
001Px00000VvTIYIA3,Law.com CSM,Edit,Read,None,Edit
001Px00000VvTeCIAV,Law.com CSM,Edit,Read,None,Edit
001Px00000VvTeJIAV,Law.com CSM,Edit,Read,None,Edit
001Px00000VvThtIAF,Law.com CSM,Edit,Read,None,Edit
001Px00000VvThvIAF,Law.com CSM,Edit,Read,None,Edit
001Px00000VvTiFIAV,Law.com CSM,Edit,Read,None,Edit
001Px00000VvTiMIAV,Law.com CSM,Edit,Read,None,Edit
001Px00000VvTiSIAV,Law.com CSM,Edit,Read,None,Edit
001Px00000VvTiTIAV,Law.com CSM,Edit,Read,None,Edit
001Px00000VvTinIAF,Law.com CSM,Edit,Read,None,Edit
001Px00000VvTioIAF,Law.com CSM,Edit,Read,None,Edit
001Px00000VvTiqIAF,Law.com CSM,Edit,Read,None,Edit
001Px00000VvTjBIAV,Law.com CSM,Edit,Read,None,Edit
001Px00000VvU84IAF,Law.com CSM,Edit,Read,None,Edit
001Px00000VvU8iIAF,Law.com CSM,Edit,Read,None,Edit
001Px00000VvU8qIAF,Law.com CSM,Edit,Read,None,Edit
001Px00000VvU8uIAF,Law.com CSM,Edit,Read,None,Edit
001Px00000VvU95IAF,Law.com CSM,Edit,Read,None,Edit
001Px00000VvUUVIA3,Law.com CSM,Edit,Read,None,Edit
001Px00000VvUjHIAV,Law.com CSM,Edit,Read,None,Edit
001Px00000VvUjtIAF,Law.com CSM,Edit,Read,None,Edit
001Px00000VvUoSIAV,Law.com CSM,Edit,Read,None,Edit
001Px00000VvUobIAF,Law.com CSM,Edit,Read,None,Edit
001Px00000VvUooIAF,Law.com CSM,Edit,Read,None,Edit
001Px00000VvV2VIAV,Law.com CSM,Edit,Read,None,Edit
001Px00000VvV2lIAF,Law.com CSM,Edit,Read,None,Edit
001Px00000VvV38IAF,Law.com CSM,Edit,Read,None,Edit
001Px00000VvVAZIA3,Law.com CSM,Edit,Read,None,Edit
001Px00000VvVF8IAN,Law.com CSM,Edit,Read,None,Edit
001Px00000VvVIbIAN,Law.com CSM,Edit,Read,None,Edit
001Px00000VvVJ4IAN,Law.com CSM,Edit,Read,None,Edit
001Px00000VvVecIAF,Law.com CSM,Edit,Read,None,Edit
001Px00000VvVeyIAF,Law.com CSM,Edit,Read,None,Edit
001Px00000VvVfaIAF,Law.com CSM,Edit,Read,None,Edit
001Px00000VvVjQIAV,Law.com CSM,Edit,Read,None,Edit
001Px00000VvVtPIAV,Law.com CSM,Edit,Read,None,Edit
001Px00000VvVtbIAF,Law.com CSM,Edit,Read,None,Edit
001Px00000VvVtgIAF,Law.com CSM,Edit,Read,None,Edit
001Px00000VvVttIAF,Law.com CSM,Edit,Read,None,Edit
001Px00000VvVuCIAV,Law.com CSM,Edit,Read,None,Edit
001Px00000VvVuFIAV,Law.com CSM,Edit,Read,None,Edit
001Px00000VvVz7IAF,Law.com CSM,Edit,Read,None,Edit
001Px00000VvVzLIAV,Law.com CSM,Edit,Read,None,Edit
001Px00000VvW3LIAV,Law.com CSM,Edit,Read,None,Edit
001Px00000VvWxMIAV,Law.com CSM,Edit,Read,None,Edit
001Px00000VvWxXIAV,Law.com CSM,Edit,Read,None,Edit
001Px00000VvWyeIAF,Law.com CSM,Edit,Read,None,Edit
001Px00000VvX8KIAV,Law.com CSM,Edit,Read,None,Edit
001Px00000VvXKOIA3,Law.com CSM,Edit,Read,None,Edit
001Px00000VvXL3IAN,Law.com CSM,Edit,Read,None,Edit
001Px00000VvXLHIA3,Law.com CSM,Edit,Read,None,Edit
001Px00000VvXPTIA3,Law.com CSM,Edit,Read,None,Edit
001Px00000VvXPeIAN,Law.com CSM,Edit,Read,None,Edit
001Px00000VvXPqIAN,Law.com CSM,Edit,Read,None,Edit
001Px00000VvXPxIAN,Law.com CSM,Edit,Read,None,Edit
001Px00000VvXQ2IAN,Law.com CSM,Edit,Read,None,Edit
001Px00000VvXQ6IAN,Law.com CSM,Edit,Read,None,Edit
001Px00000VvXvRIAV,Law.com CSM,Edit,Read,None,Edit
001Px00000VvXvVIAV,Law.com CSM,Edit,Read,None,Edit
001Px00000VvXvdIAF,Law.com CSM,Edit,Read,None,Edit
001Px00000VvXwtIAF,Law.com CSM,Edit,Read,None,Edit
001Px00000VvXwwIAF,Law.com CSM,Edit,Read,None,Edit
001Px00000VvXxfIAF,Law.com CSM,Edit,Read,None,Edit
001Px00000VvXyEIAV,Law.com CSM,Edit,Read,None,Edit
001Px00000VvY8tIAF,Law.com CSM,Edit,Read,None,Edit
001Px00000VvY9TIAV,Law.com CSM,Edit,Read,None,Edit
001Px00000VvY9UIAV,Law.com CSM,Edit,Read,None,Edit
001Px00000VvYVqIAN,Law.com CSM,Edit,Read,None,Edit
001Px00000VvYdIIAV,Law.com CSM,Edit,Read,None,Edit
001Px00000VvYe7IAF,Law.com CSM,Edit,Read,None,Edit
001Px00000VvYpTIAV,Law.com CSM,Edit,Read,None,Edit
001Px00000VvZ3OIAV,Law.com CSM,Edit,Read,None,Edit
001Px00000VvZ3fIAF,Law.com CSM,Edit,Read,None,Edit
001Px00000VvZ4ZIAV,Law.com CSM,Edit,Read,None,Edit
001Px00000VvZ4eIAF,Law.com CSM,Edit,Read,None,Edit
001Px00000VvZ4xIAF,Law.com CSM,Edit,Read,None,Edit
001Px00000VvZ4yIAF,Law.com CSM,Edit,Read,None,Edit
001Px00000VvZ50IAF,Law.com CSM,Edit,Read,None,Edit
001Px00000VvZMvIAN,Law.com CSM,Edit,Read,None,Edit
001Px00000VvZO5IAN,Law.com CSM,Edit,Read,None,Edit
001Px00000VvZO8IAN,Law.com CSM,Edit,Read,None,Edit
001Px00000VvZOQIA3,Law.com CSM,Edit,Read,None,Edit
001Px00000VvZRJIA3,Law.com CSM,Edit,Read,None,Edit
001Px00000VvZRQIA3,Law.com CSM,Edit,Read,None,Edit
001Px00000VvZRTIA3,Law.com CSM,Edit,Read,None,Edit
001Px00000VvZRqIAN,Law.com CSM,Edit,Read,None,Edit
001Px00000VvZRrIAN,Law.com CSM,Edit,Read,None,Edit
001Px00000VvZRyIAN,Law.com CSM,Edit,Read,None,Edit
001Px00000VvZS8IAN,Law.com CSM,Edit,Read,None,Edit
001Px00000VvZU1IAN,Law.com CSM,Edit,Read,None,Edit
001Px00000VvZUBIA3,Law.com CSM,Edit,Read,None,Edit
001Px00000VvZUfIAN,Law.com CSM,Edit,Read,None,Edit
001Px00000VvZUzIAN,Law.com CSM,Edit,Read,None,Edit
001Px00000VvZV0IAN,Law.com CSM,Edit,Read,None,Edit
001Px00000VvZVKIA3,Law.com CSM,Edit,Read,None,Edit
001Px00000VvZVLIA3,Law.com CSM,Edit,Read,None,Edit
001Px00000VvZXtIAN,Law.com CSM,Edit,Read,None,Edit
001Px00000VvZXyIAN,Law.com CSM,Edit,Read,None,Edit
001Px00000VvZY5IAN,Law.com CSM,Edit,Read,None,Edit
001Px00000VvZYDIA3,Law.com CSM,Edit,Read,None,Edit
001Px00000VvZYXIA3,Law.com CSM,Edit,Read,None,Edit
001Px00000VvZuhIAF,Law.com CSM,Edit,Read,None,Edit
001Px00000Vva0tIAB,Law.com CSM,Edit,Read,None,Edit
001Px00000Vva1CIAR,Law.com CSM,Edit,Read,None,Edit
001Px00000Vva5uIAB,Law.com CSM,Edit,Read,None,Edit
001Px00000Vva8SIAR,Law.com CSM,Edit,Read,None,Edit
001Px00000Vva8aIAB,Law.com CSM,Edit,Read,None,Edit
001Px00000Vva8mIAB,Law.com CSM,Edit,Read,None,Edit
001Px00000Vva9QIAR,Law.com CSM,Edit,Read,None,Edit
001Px00000VvaHOIAZ,Law.com CSM,Edit,Read,None,Edit
001Px00000VvaOUIAZ,Law.com CSM,Edit,Read,None,Edit
001Px00000VvaOjIAJ,Law.com CSM,Edit,Read,None,Edit
001Px00000VvaPeIAJ,Law.com CSM,Edit,Read,None,Edit
001Px00000VvaPiIAJ,Law.com CSM,Edit,Read,None,Edit
001Px00000VvaQcIAJ,Law.com CSM,Edit,Read,None,Edit
001Px00000VvalXIAR,Law.com CSM,Edit,Read,None,Edit
001Px00000VvalbIAB,Law.com CSM,Edit,Read,None,Edit
001Px00000VvaldIAB,Law.com CSM,Edit,Read,None,Edit
001Px00000VvalgIAB,Law.com CSM,Edit,Read,None,Edit
001Px00000VvaliIAB,Law.com CSM,Edit,Read,None,Edit
001Px00000VvalkIAB,Law.com CSM,Edit,Read,None,Edit
001Px00000VvalmIAB,Law.com CSM,Edit,Read,None,Edit
001Px00000VvalwIAB,Law.com CSM,Edit,Read,None,Edit
001Px00000Vvam0IAB,Law.com CSM,Edit,Read,None,Edit
001Px00000Vvam2IAB,Law.com CSM,Edit,Read,None,Edit
001Px00000Vvam9IAB,Law.com CSM,Edit,Read,None,Edit
001Px00000VvamBIAR,Law.com CSM,Edit,Read,None,Edit
001Px00000VvamJIAR,Law.com CSM,Edit,Read,None,Edit
001Px00000VvamOIAR,Law.com CSM,Edit,Read,None,Edit
001Px00000VvaukIAB,Law.com CSM,Edit,Read,None,Edit
001Px00000Vvav2IAB,Law.com CSM,Edit,Read,None,Edit
001Px00000VvavNIAR,Law.com CSM,Edit,Read,None,Edit
001Px00000VvavmIAB,Law.com CSM,Edit,Read,None,Edit
001Px00000VvavqIAB,Law.com CSM,Edit,Read,None,Edit
001Px00000Vvaw6IAB,Law.com CSM,Edit,Read,None,Edit
001Px00000Vvb7iIAB,Law.com CSM,Edit,Read,None,Edit
001Px00000Vvb7xIAB,Law.com CSM,Edit,Read,None,Edit
001Px00000Vvb85IAB,Law.com CSM,Edit,Read,None,Edit
001Px00000Vvb86IAB,Law.com CSM,Edit,Read,None,Edit
001Px00000Vvb88IAB,Law.com CSM,Edit,Read,None,Edit
001Px00000Vvb8CIAR,Law.com CSM,Edit,Read,None,Edit
001Px00000Vvb8IIAR,Law.com CSM,Edit,Read,None,Edit
001Px00000Vvb8UIAR,Law.com CSM,Edit,Read,None,Edit
001Px00000Vvb8qIAB,Law.com CSM,Edit,Read,None,Edit
001Px00000VvbaoIAB,Law.com CSM,Edit,Read,None,Edit
001Px00000VvbbIIAR,Law.com CSM,Edit,Read,None,Edit
001Px00000VvbbWIAR,Law.com CSM,Edit,Read,None,Edit
001Px00000VvbbiIAB,Law.com CSM,Edit,Read,None,Edit
001Px00000VvbcmIAB,Law.com CSM,Edit,Read,None,Edit
001Px00000VvbcrIAB,Law.com CSM,Edit,Read,None,Edit
001Px00000VvbcvIAB,Law.com CSM,Edit,Read,None,Edit
001Px00000Vvbd1IAB,Law.com CSM,Edit,Read,None,Edit
001Px00000VvbdIIAR,Law.com CSM,Edit,Read,None,Edit
001Px00000VvbdNIAR,Law.com CSM,Edit,Read,None,Edit
001Px00000VvbdYIAR,Law.com CSM,Edit,Read,None,Edit
001Px00000VvbddIAB,Law.com CSM,Edit,Read,None,Edit
001Px00000VvbdgIAB,Law.com CSM,Edit,Read,None,Edit
001Px00000VvbklIAB,Law.com CSM,Edit,Read,None,Edit
001Px00000VvblfIAB,Law.com CSM,Edit,Read,None,Edit
001Px00000VvbmVIAR,Law.com CSM,Edit,Read,None,Edit
001Px00000VvbmdIAB,Law.com CSM,Edit,Read,None,Edit
001Px00000VvbnAIAR,Law.com CSM,Edit,Read,None,Edit
001Px00000Vvbw5IAB,Law.com CSM,Edit,Read,None,Edit
001Px00000Vvc5UIAR,Law.com CSM,Edit,Read,None,Edit
001Px00000Vvc5VIAR,Law.com CSM,Edit,Read,None,Edit
001Px00000Vvc6PIAR,Law.com CSM,Edit,Read,None,Edit
001Px00000VvcRqIAJ,Law.com CSM,Edit,Read,None,Edit
001Px00000VvcS7IAJ,Law.com CSM,Edit,Read,None,Edit
001Px00000VvcSHIAZ,Law.com CSM,Edit,Read,None,Edit
001Px00000VvcSQIAZ,Law.com CSM,Edit,Read,None,Edit
001Px00000VvcSjIAJ,Law.com CSM,Edit,Read,None,Edit
001Px00000VvcT3IAJ,Law.com CSM,Edit,Read,None,Edit
001Px00000VvcYtIAJ,Law.com CSM,Edit,Read,None,Edit
001Px00000VvcYuIAJ,Law.com CSM,Edit,Read,None,Edit
001Px00000VvchDIAR,Law.com CSM,Edit,Read,None,Edit
001Px00000VvchgIAB,Law.com CSM,Edit,Read,None,Edit
001Px00000Vvcr9IAB,Law.com CSM,Edit,Read,None,Edit
001Px00000Vvd2wIAB,Law.com CSM,Edit,Read,None,Edit
001Px00000Vvd36IAB,Law.com CSM,Edit,Read,None,Edit
001Px00000Vvd3SIAR,Law.com CSM,Edit,Read,None,Edit
001Px00000Vvd3ZIAR,Law.com CSM,Edit,Read,None,Edit
001Px00000Vvd3aIAB,Law.com CSM,Edit,Read,None,Edit
001Px00000Vvd46IAB,Law.com CSM,Edit,Read,None,Edit
001Px00000Vvd9WIAR,Law.com CSM,Edit,Read,None,Edit
001Px00000Vvd9vIAB,Law.com CSM,Edit,Read,None,Edit
001Px00000VvdABIAZ,Law.com CSM,Edit,Read,None,Edit
001Px00000VvdALIAZ,Law.com CSM,Edit,Read,None,Edit
001Px00000VvdHRIAZ,Law.com CSM,Edit,Read,None,Edit
001Px00000VvdHSIAZ,Law.com CSM,Edit,Read,None,Edit
001Px00000VvdIjIAJ,Law.com CSM,Edit,Read,None,Edit
001Px00000VvdUUIAZ,Law.com CSM,Edit,Read,None,Edit
001Px00000VvdUmIAJ,Law.com CSM,Edit,Read,None,Edit
001Px00000VvdVYIAZ,Law.com CSM,Edit,Read,None,Edit
001Px00000VvdW6IAJ,Law.com CSM,Edit,Read,None,Edit
001Px00000VvdnpIAB,Law.com CSM,Edit,Read,None,Edit
001Px00000VvdoqIAB,Law.com CSM,Edit,Read,None,Edit
001Px00000Vvdp5IAB,Law.com CSM,Edit,Read,None,Edit
001Px00000VveApIAJ,Law.com CSM,Edit,Read,None,Edit
001Px00000VveFbIAJ,Law.com CSM,Edit,Read,None,Edit
001Px00000VveGtIAJ,Law.com CSM,Edit,Read,None,Edit
001Px00000VveGwIAJ,Law.com CSM,Edit,Read,None,Edit
001Px00000VveHCIAZ,Law.com CSM,Edit,Read,None,Edit
001Px00000VveHKIAZ,Law.com CSM,Edit,Read,None,Edit
001Px00000VveHMIAZ,Law.com CSM,Edit,Read,None,Edit
001Px00000VveHTIAZ,Law.com CSM,Edit,Read,None,Edit
001Px00000VveHXIAZ,Law.com CSM,Edit,Read,None,Edit
001Px00000VveHoIAJ,Law.com CSM,Edit,Read,None,Edit
001Px00000VveHqIAJ,Law.com CSM,Edit,Read,None,Edit
001Px00000VveJpIAJ,Law.com CSM,Edit,Read,None,Edit
001Px00000VveQ4IAJ,Law.com CSM,Edit,Read,None,Edit
001Px00000VveWyIAJ,Law.com CSM,Edit,Read,None,Edit
001Px00000VveXDIAZ,Law.com CSM,Edit,Read,None,Edit
001Px00000VveXcIAJ,Law.com CSM,Edit,Read,None,Edit
001Px00000VveXeIAJ,Law.com CSM,Edit,Read,None,Edit
001Px00000VveXwIAJ,Law.com CSM,Edit,Read,None,Edit
001Px00000VvefMIAR,Law.com CSM,Edit,Read,None,Edit
001Px00000VvefuIAB,Law.com CSM,Edit,Read,None,Edit
001Px00000VvegIIAR,Law.com CSM,Edit,Read,None,Edit
001Px00000VvetSIAR,Law.com CSM,Edit,Read,None,Edit
001Px00000VveteIAB,Law.com CSM,Edit,Read,None,Edit
001Px00000VvetfIAB,Law.com CSM,Edit,Read,None,Edit
001Px00000VveuCIAR,Law.com CSM,Edit,Read,None,Edit
001Px00000VveymIAB,Law.com CSM,Edit,Read,None,Edit
001Px00000Vvf9gIAB,Law.com CSM,Edit,Read,None,Edit
001Px00000Vvf9oIAB,Law.com CSM,Edit,Read,None,Edit
001Px00000VvfAQIAZ,Law.com CSM,Edit,Read,None,Edit
001Px00000VvfAjIAJ,Law.com CSM,Edit,Read,None,Edit
001Px00000VvfPYIAZ,Law.com CSM,Edit,Read,None,Edit
001Px00000VvfPdIAJ,Law.com CSM,Edit,Read,None,Edit
001Px00000VvfPvIAJ,Law.com CSM,Edit,Read,None,Edit
001Px00000VvfQNIAZ,Law.com CSM,Edit,Read,None,Edit
001Px00000VvfQUIAZ,Law.com CSM,Edit,Read,None,Edit
001Px00000VvfQVIAZ,Law.com CSM,Edit,Read,None,Edit
001Px00000VvfTZIAZ,Law.com CSM,Edit,Read,None,Edit
001Px00000VvfTkIAJ,Law.com CSM,Edit,Read,None,Edit
001Px00000VvfUIIAZ,Law.com CSM,Edit,Read,None,Edit
001Px00000VvfUeIAJ,Law.com CSM,Edit,Read,None,Edit
001Px00000VvfV8IAJ,Law.com CSM,Edit,Read,None,Edit
001Px00000VvfeiIAB,Law.com CSM,Edit,Read,None,Edit
001Px00000VvfkcIAB,Law.com CSM,Edit,Read,None,Edit
001Px00000VvfkiIAB,Law.com CSM,Edit,Read,None,Edit
001Px00000Vvfl2IAB,Law.com CSM,Edit,Read,None,Edit
001Px00000Vvfl5IAB,Law.com CSM,Edit,Read,None,Edit
001Px00000Vvfl9IAB,Law.com CSM,Edit,Read,None,Edit
001Px00000VvflCIAR,Law.com CSM,Edit,Read,None,Edit
001Px00000VvflXIAR,Law.com CSM,Edit,Read,None,Edit
001Px00000VvfrZIAR,Law.com CSM,Edit,Read,None,Edit
001Px00000VvfrmIAB,Law.com CSM,Edit,Read,None,Edit
001Px00000VvfsMIAR,Law.com CSM,Edit,Read,None,Edit
001Px00000VvfsVIAR,Law.com CSM,Edit,Read,None,Edit
001Px00000VvfsZIAR,Law.com CSM,Edit,Read,None,Edit
001Px00000Vvg5bIAB,Law.com CSM,Edit,Read,None,Edit
001Px00000Vvg5mIAB,Law.com CSM,Edit,Read,None,Edit
001Px00000Vvg6VIAR,Law.com CSM,Edit,Read,None,Edit
001Px00000Vvg76IAB,Law.com CSM,Edit,Read,None,Edit
001Px00000Vvg7wIAB,Law.com CSM,Edit,Read,None,Edit
001Px00000Vvg83IAB,Law.com CSM,Edit,Read,None,Edit
001Px00000Vvg8NIAR,Law.com CSM,Edit,Read,None,Edit
001Px00000Vvg8ZIAR,Law.com CSM,Edit,Read,None,Edit
001Px00000VvgECIAZ,Law.com CSM,Edit,Read,None,Edit
001Px00000VvgI7IAJ,Law.com CSM,Edit,Read,None,Edit
001Px00000VvgIAIAZ,Law.com CSM,Edit,Read,None,Edit
001Px00000VvgIGIAZ,Law.com CSM,Edit,Read,None,Edit
001Px00000VvgIfIAJ,Law.com CSM,Edit,Read,None,Edit
001Px00000VvgJUIAZ,Law.com CSM,Edit,Read,None,Edit
001Px00000VvgeOIAR,Law.com CSM,Edit,Read,None,Edit
001Px00000VvgemIAB,Law.com CSM,Edit,Read,None,Edit
001Px00000VvgepIAB,Law.com CSM,Edit,Read,None,Edit
001Px00000VvggbIAB,Law.com CSM,Edit,Read,None,Edit
001Px00000VvgmfIAB,Law.com CSM,Edit,Read,None,Edit
001Px00000Vvgs0IAB,Law.com CSM,Edit,Read,None,Edit
001Px00000VvgseIAB,Law.com CSM,Edit,Read,None,Edit
001Px00000VvgsoIAB,Law.com CSM,Edit,Read,None,Edit
001Px00000VvgspIAB,Law.com CSM,Edit,Read,None,Edit
001Px00000VvgsrIAB,Law.com CSM,Edit,Read,None,Edit
001Px00000VvgtBIAR,Law.com CSM,Edit,Read,None,Edit
001Px00000VvgtRIAR,Law.com CSM,Edit,Read,None,Edit
001Px00000VvgtZIAR,Law.com CSM,Edit,Read,None,Edit
001Px00000Vvh1iIAB,Law.com CSM,Edit,Read,None,Edit
001Px00000Vvh2RIAR,Law.com CSM,Edit,Read,None,Edit
001Px00000Vvh2eIAB,Law.com CSM,Edit,Read,None,Edit
001Px00000Vvh2fIAB,Law.com CSM,Edit,Read,None,Edit
001Px00000Vvh2hIAB,Law.com CSM,Edit,Read,None,Edit
001Px00000Vvh2sIAB,Law.com CSM,Edit,Read,None,Edit
001Px00000Vvh2uIAB,Law.com CSM,Edit,Read,None,Edit
001Px00000Vvh2wIAB,Law.com CSM,Edit,Read,None,Edit
001Px00000Vvh3qIAB,Law.com CSM,Edit,Read,None,Edit
001Px00000Vvh4NIAR,Law.com CSM,Edit,Read,None,Edit
001Px00000Vvh4QIAR,Law.com CSM,Edit,Read,None,Edit
001Px00000Vvh5wIAB,Law.com CSM,Edit,Read,None,Edit
001Px00000VvhBRIAZ,Law.com CSM,Edit,Read,None,Edit
001Px00000VvhC0IAJ,Law.com CSM,Edit,Read,None,Edit
001Px00000VvhPqIAJ,Law.com CSM,Edit,Read,None,Edit
001Px00000VvhQNIAZ,Law.com CSM,Edit,Read,None,Edit
001Px00000VvhR3IAJ,Law.com CSM,Edit,Read,None,Edit
001Px00000VvhRKIAZ,Law.com CSM,Edit,Read,None,Edit
001Px00000VvhWGIAZ,Law.com CSM,Edit,Read,None,Edit
001Px00000VvhWLIAZ,Law.com CSM,Edit,Read,None,Edit
001Px00000VvhWVIAZ,Law.com CSM,Edit,Read,None,Edit
001Px00000VvhWXIAZ,Law.com CSM,Edit,Read,None,Edit
001Px00000VvhWZIAZ,Law.com CSM,Edit,Read,None,Edit
001Px00000VvhWdIAJ,Law.com CSM,Edit,Read,None,Edit
001Px00000VvhX2IAJ,Law.com CSM,Edit,Read,None,Edit
001Px00000VvhXIIAZ,Law.com CSM,Edit,Read,None,Edit
001Px00000VvhXWIAZ,Law.com CSM,Edit,Read,None,Edit
001Px00000Vvhl5IAB,Law.com CSM,Edit,Read,None,Edit
001Px00000VvhlrIAB,Law.com CSM,Edit,Read,None,Edit
001Px00000VvhssIAB,Law.com CSM,Edit,Read,None,Edit
001Px00000VvhsuIAB,Law.com CSM,Edit,Read,None,Edit
001Px00000Vvht4IAB,Law.com CSM,Edit,Read,None,Edit
001Px00000VvhtKIAR,Law.com CSM,Edit,Read,None,Edit
001Px00000VvhtXIAR,Law.com CSM,Edit,Read,None,Edit
001Px00000VvhtqIAB,Law.com CSM,Edit,Read,None,Edit
001Px00000VvhtrIAB,Law.com CSM,Edit,Read,None,Edit
001Px00000VvhuHIAR,Law.com CSM,Edit,Read,None,Edit
001Px00000VvhuIIAR,Law.com CSM,Edit,Read,None,Edit
001Px00000VvhuKIAR,Law.com CSM,Edit,Read,None,Edit
001Px00000VvhzZIAR,Law.com CSM,Edit,Read,None,Edit
001Px00000VvhzyIAB,Law.com CSM,Edit,Read,None,Edit
001Px00000Vvi0ZIAR,Law.com CSM,Edit,Read,None,Edit
001Px00000Vvi0jIAB,Law.com CSM,Edit,Read,None,Edit
001Px00000Vvi14IAB,Law.com CSM,Edit,Read,None,Edit
001Px00000Vvi1EIAR,Law.com CSM,Edit,Read,None,Edit
001Px00000Vvi1ZIAR,Law.com CSM,Edit,Read,None,Edit
001Px00000Vvi1cIAB,Law.com CSM,Edit,Read,None,Edit
001Px00000Vvi2OIAR,Law.com CSM,Edit,Read,None,Edit
001Px00000Vvi5zIAB,Law.com CSM,Edit,Read,None,Edit
001Px00000Vvi60IAB,Law.com CSM,Edit,Read,None,Edit
001Px00000Vvi62IAB,Law.com CSM,Edit,Read,None,Edit
001Px00000Vvi65IAB,Law.com CSM,Edit,Read,None,Edit
001Px00000Vvi6DIAR,Law.com CSM,Edit,Read,None,Edit
001Px00000Vvi6FIAR,Law.com CSM,Edit,Read,None,Edit
001Px00000Vvi6QIAR,Law.com CSM,Edit,Read,None,Edit
001Px00000Vvi6eIAB,Law.com CSM,Edit,Read,None,Edit
001Px00000Vvi72IAB,Law.com CSM,Edit,Read,None,Edit
001Px00000Vvi7NIAR,Law.com CSM,Edit,Read,None,Edit
001Px00000Vvi7kIAB,Law.com CSM,Edit,Read,None,Edit
001Px00000VviTyIAJ,Law.com CSM,Edit,Read,None,Edit
001Px00000VviU1IAJ,Law.com CSM,Edit,Read,None,Edit
001Px00000VviU6IAJ,Law.com CSM,Edit,Read,None,Edit
001Px00000VviUHIAZ,Law.com CSM,Edit,Read,None,Edit
001Px00000VviUNIAZ,Law.com CSM,Edit,Read,None,Edit
001Px00000VviUWIAZ,Law.com CSM,Edit,Read,None,Edit
001Px00000VviUcIAJ,Law.com CSM,Edit,Read,None,Edit
001Px00000VviUfIAJ,Law.com CSM,Edit,Read,None,Edit
001Px00000VviUnIAJ,Law.com CSM,Edit,Read,None,Edit
001Px00000VviUvIAJ,Law.com CSM,Edit,Read,None,Edit
001Px00000Vvic9IAB,Law.com CSM,Edit,Read,None,Edit
001Px00000VvicJIAR,Law.com CSM,Edit,Read,None,Edit
001Px00000VvicLIAR,Law.com CSM,Edit,Read,None,Edit
001Px00000VvicUIAR,Law.com CSM,Edit,Read,None,Edit
001Px00000VviczIAB,Law.com CSM,Edit,Read,None,Edit
001Px00000Vvid3IAB,Law.com CSM,Edit,Read,None,Edit
001Px00000Vvid9IAB,Law.com CSM,Edit,Read,None,Edit
001Px00000VvidDIAR,Law.com CSM,Edit,Read,None,Edit
001Px00000VvidIIAR,Law.com CSM,Edit,Read,None,Edit
001Px00000VvieIIAR,Law.com CSM,Edit,Read,None,Edit
001Px00000VvierIAB,Law.com CSM,Edit,Read,None,Edit
001Px00000VvifdIAB,Law.com CSM,Edit,Read,None,Edit
001Px00000Vvih6IAB,Law.com CSM,Edit,Read,None,Edit
001Px00000VviiBIAR,Law.com CSM,Edit,Read,None,Edit
001Px00000VvipqIAB,Law.com CSM,Edit,Read,None,Edit
001Px00000Vvj9xIAB,Law.com CSM,Edit,Read,None,Edit
001Px00000VvjAQIAZ,Law.com CSM,Edit,Read,None,Edit
001Px00000VvjAVIAZ,Law.com CSM,Edit,Read,None,Edit
001Px00000VvjAZIAZ,Law.com CSM,Edit,Read,None,Edit
001Px00000VvjAaIAJ,Law.com CSM,Edit,Read,None,Edit
001Px00000VvjAcIAJ,Law.com CSM,Edit,Read,None,Edit
001Px00000VvjAiIAJ,Law.com CSM,Edit,Read,None,Edit
001Px00000VvjAjIAJ,Law.com CSM,Edit,Read,None,Edit
001Px00000VvjBEIAZ,Law.com CSM,Edit,Read,None,Edit
001Px00000VvjBGIAZ,Law.com CSM,Edit,Read,None,Edit
001Px00000VvjE5IAJ,Law.com CSM,Edit,Read,None,Edit
001Px00000VvjQ3IAJ,Law.com CSM,Edit,Read,None,Edit
001Px00000VvjT7IAJ,Law.com CSM,Edit,Read,None,Edit
001Px00000VvjypIAB,Law.com CSM,Edit,Read,None,Edit
001Px00000VvjzIIAR,Law.com CSM,Edit,Read,None,Edit
001Px00000Vvk1DIAR,Law.com CSM,Edit,Read,None,Edit
001Px00000Vvk1GIAR,Law.com CSM,Edit,Read,None,Edit
001Px00000Vvk1KIAR,Law.com CSM,Edit,Read,None,Edit
001Px00000Vvk23IAB,Law.com CSM,Edit,Read,None,Edit
001Px00000Vvk2IIAR,Law.com CSM,Edit,Read,None,Edit
001Px00000Vvk2SIAR,Law.com CSM,Edit,Read,None,Edit
001Px00000Vvk2VIAR,Law.com CSM,Edit,Read,None,Edit
001Px00000Vvk2XIAR,Law.com CSM,Edit,Read,None,Edit
001Px00000VvkNoIAJ,Law.com CSM,Edit,Read,None,Edit
001Px00000VvkRjIAJ,Law.com CSM,Edit,Read,None,Edit
001Px00000VvkRyIAJ,Law.com CSM,Edit,Read,None,Edit
001Px00000VvkTUIAZ,Law.com CSM,Edit,Read,None,Edit
001Px00000VvkhIIAR,Law.com CSM,Edit,Read,None,Edit
001Px00000VvkhmIAB,Law.com CSM,Edit,Read,None,Edit
001Px00000Vvl16IAB,Law.com CSM,Edit,Read,None,Edit
001Px00000Vvl1CIAR,Law.com CSM,Edit,Read,None,Edit
001Px00000Vvl81IAB,Law.com CSM,Edit,Read,None,Edit
001Px00000VvlIPIAZ,Law.com CSM,Edit,Read,None,Edit
001Px00000VvlIXIAZ,Law.com CSM,Edit,Read,None,Edit
001Px00000VvlIeIAJ,Law.com CSM,Edit,Read,None,Edit
001Px00000VvlIhIAJ,Law.com CSM,Edit,Read,None,Edit
001Px00000VvlJWIAZ,Law.com CSM,Edit,Read,None,Edit
001Px00000VvlJbIAJ,Law.com CSM,Edit,Read,None,Edit
001Px00000VvlpyIAB,Law.com CSM,Edit,Read,None,Edit
001Px00000Vvm4UIAR,Law.com CSM,Edit,Read,None,Edit
001Px00000VvmBEIAZ,Law.com CSM,Edit,Read,None,Edit
001Px00000VvmBzIAJ,Law.com CSM,Edit,Read,None,Edit
001Px00000VvmHsIAJ,Law.com CSM,Edit,Read,None,Edit
001Px00000VvmHuIAJ,Law.com CSM,Edit,Read,None,Edit
001Px00000VvmKdIAJ,Law.com CSM,Edit,Read,None,Edit
001Px00000VvmKfIAJ,Law.com CSM,Edit,Read,None,Edit
001Px00000VvmTHIAZ,Law.com CSM,Edit,Read,None,Edit
001Px00000VvmU1IAJ,Law.com CSM,Edit,Read,None,Edit
001Px00000VvmXWIAZ,Law.com CSM,Edit,Read,None,Edit
001Px00000VvmXaIAJ,Law.com CSM,Edit,Read,None,Edit
001Px00000Vvmi9IAB,Law.com CSM,Edit,Read,None,Edit
001Px00000VvmiTIAR,Law.com CSM,Edit,Read,None,Edit
001Px00000Vvmn9IAB,Law.com CSM,Edit,Read,None,Edit
001Px00000VvmsvIAB,Law.com CSM,Edit,Read,None,Edit
001Px00000VvmtoIAB,Law.com CSM,Edit,Read,None,Edit
001Px00000Vvn6yIAB,Law.com CSM,Edit,Read,None,Edit
001Px00000VvnDRIAZ,Law.com CSM,Edit,Read,None,Edit
001Px00000VvnDVIAZ,Law.com CSM,Edit,Read,None,Edit
001Px00000VvnKMIAZ,Law.com CSM,Edit,Read,None,Edit
001Px00000VvnLQIAZ,Law.com CSM,Edit,Read,None,Edit
001Px00000VvndeIAB,Law.com CSM,Edit,Read,None,Edit
001Px00000Vvne3IAB,Law.com CSM,Edit,Read,None,Edit
001Px00000VvngVIAR,Law.com CSM,Edit,Read,None,Edit
001Px00000Vvo1eIAB,Law.com CSM,Edit,Read,None,Edit
001Px00000Vvo2jIAB,Law.com CSM,Edit,Read,None,Edit
001Px00000Vvo4iIAB,Law.com CSM,Edit,Read,None,Edit
001Px00000Vvo89IAB,Law.com CSM,Edit,Read,None,Edit
001Px00000Vvo8SIAR,Law.com CSM,Edit,Read,None,Edit
001Px00000Vvo94IAB,Law.com CSM,Edit,Read,None,Edit
001Px00000VvoGPIAZ,Law.com CSM,Edit,Read,None,Edit
001Px00000VvoGiIAJ,Law.com CSM,Edit,Read,None,Edit
001Px00000VvoGnIAJ,Law.com CSM,Edit,Read,None,Edit
001Px00000VvoHSIAZ,Law.com CSM,Edit,Read,None,Edit
001Px00000VvoKuIAJ,Law.com CSM,Edit,Read,None,Edit
001Px00000VvoPkIAJ,Law.com CSM,Edit,Read,None,Edit
001Px00000VvoQ4IAJ,Law.com CSM,Edit,Read,None,Edit
001Px00000VvoRCIAZ,Law.com CSM,Edit,Read,None,Edit
001Px00000VvoSrIAJ,Law.com CSM,Edit,Read,None,Edit
001Px00000VvoedIAB,Law.com CSM,Edit,Read,None,Edit
001Px00000Vvof0IAB,Law.com CSM,Edit,Read,None,Edit
001Px00000VvofMIAR,Law.com CSM,Edit,Read,None,Edit
001Px00000VvokBIAR,Law.com CSM,Edit,Read,None,Edit
001Px00000Vvp5eIAB,Law.com CSM,Edit,Read,None,Edit
001Px00000Vvp5yIAB,Law.com CSM,Edit,Read,None,Edit
001Px00000Vvp6rIAB,Law.com CSM,Edit,Read,None,Edit
001Px00000Vvp77IAB,Law.com CSM,Edit,Read,None,Edit
001Px00000VvpAcIAJ,Law.com CSM,Edit,Read,None,Edit
001Px00000VvpBbIAJ,Law.com CSM,Edit,Read,None,Edit
001Px00000VvpEYIAZ,Law.com CSM,Edit,Read,None,Edit
001Px00000VvpElIAJ,Law.com CSM,Edit,Read,None,Edit
001Px00000VvpEsIAJ,Law.com CSM,Edit,Read,None,Edit
001Px00000VvpKgIAJ,Law.com CSM,Edit,Read,None,Edit
001Px00000VvpMnIAJ,Law.com CSM,Edit,Read,None,Edit
001Px00000VvpOGIAZ,Law.com CSM,Edit,Read,None,Edit
001Px00000VvpU2IAJ,Law.com CSM,Edit,Read,None,Edit
001Px00000VvpU3IAJ,Law.com CSM,Edit,Read,None,Edit
001Px00000VvpUFIAZ,Law.com CSM,Edit,Read,None,Edit
001Px00000VvpUcIAJ,Law.com CSM,Edit,Read,None,Edit
001Px00000VvpUvIAJ,Law.com CSM,Edit,Read,None,Edit
001Px00000VvpV6IAJ,Law.com CSM,Edit,Read,None,Edit
001Px00000VvpVYIAZ,Law.com CSM,Edit,Read,None,Edit
001Px00000VvpWPIAZ,Law.com CSM,Edit,Read,None,Edit
001Px00000VvpbzIAB,Law.com CSM,Edit,Read,None,Edit
001Px00000VvpdPIAR,Law.com CSM,Edit,Read,None,Edit
001Px00000VvpenIAB,Law.com CSM,Edit,Read,None,Edit
001Px00000VvphCIAR,Law.com CSM,Edit,Read,None,Edit
001Px00000VvptbIAB,Law.com CSM,Edit,Read,None,Edit
001Px00000VvptoIAB,Law.com CSM,Edit,Read,None,Edit
001Px00000VvpvDIAR,Law.com CSM,Edit,Read,None,Edit
001Px00000VvpwKIAR,Law.com CSM,Edit,Read,None,Edit
001Px00000VvpwsIAB,Law.com CSM,Edit,Read,None,Edit
001Px00000Vvpx9IAB,Law.com CSM,Edit,Read,None,Edit
001Px00000VvpxUIAR,Law.com CSM,Edit,Read,None,Edit
001Px00000VvpxpIAB,Law.com CSM,Edit,Read,None,Edit
001Px00000Vvq3FIAR,Law.com CSM,Edit,Read,None,Edit
001Px00000Vvq5oIAB,Law.com CSM,Edit,Read,None,Edit
001Px00000VvqG9IAJ,Law.com CSM,Edit,Read,None,Edit
001Px00000VvqT3IAJ,Law.com CSM,Edit,Read,None,Edit
001Px00000VvramIAB,Law.com CSM,Edit,Read,None,Edit
001Px00000VvrmnIAB,Law.com CSM,Edit,Read,None,Edit
001Px00000VvrnBIAR,Law.com CSM,Edit,Read,None,Edit
001Px00000VvrnFIAR,Law.com CSM,Edit,Read,None,Edit
001Px00000VvrpdIAB,Law.com CSM,Edit,Read,None,Edit
001Px00000VvrpiIAB,Law.com CSM,Edit,Read,None,Edit
001Px00000VvrqCIAR,Law.com CSM,Edit,Read,None,Edit
001Px00000VvrzLIAR,Law.com CSM,Edit,Read,None,Edit
001Px00000VvrztIAB,Law.com CSM,Edit,Read,None,Edit
001Px00000Vvs5nIAB,Law.com CSM,Edit,Read,None,Edit
001Px00000Vvs9wIAB,Law.com CSM,Edit,Read,None,Edit
001Px00000VvsBlIAJ,Law.com CSM,Edit,Read,None,Edit
001Px00000VvsCbIAJ,Law.com CSM,Edit,Read,None,Edit
001Px00000VvsCvIAJ,Law.com CSM,Edit,Read,None,Edit
001Px00000VvsDiIAJ,Law.com CSM,Edit,Read,None,Edit
001Px00000VvsEFIAZ,Law.com CSM,Edit,Read,None,Edit
001Px00000VvsEXIAZ,Law.com CSM,Edit,Read,None,Edit
001Px00000VvsEmIAJ,Law.com CSM,Edit,Read,None,Edit
001Px00000VvsMYIAZ,Law.com CSM,Edit,Read,None,Edit
001Px00000VvsfaIAB,Law.com CSM,Edit,Read,None,Edit
001Px00000Vvsp8IAB,Law.com CSM,Edit,Read,None,Edit
001Px00000Vvt9SIAR,Law.com CSM,Edit,Read,None,Edit
001Px00000VvtAKIAZ,Law.com CSM,Edit,Read,None,Edit
001Px00000VvtXwIAJ,Law.com CSM,Edit,Read,None,Edit
001Px00000VvtYnIAJ,Law.com CSM,Edit,Read,None,Edit
001Px00000VvtYvIAJ,Law.com CSM,Edit,Read,None,Edit
001Px00000Vvu2BIAR,Law.com CSM,Edit,Read,None,Edit
001Px00000Vvu36IAB,Law.com CSM,Edit,Read,None,Edit
001Px00000VvuLmIAJ,Law.com CSM,Edit,Read,None,Edit
001Px00000VvuLqIAJ,Law.com CSM,Edit,Read,None,Edit
001Px00000VvuM0IAJ,Law.com CSM,Edit,Read,None,Edit
001Px00000VvuMDIAZ,Law.com CSM,Edit,Read,None,Edit
001Px00000VvuS2IAJ,Law.com CSM,Edit,Read,None,Edit
001Px00000VvuSgIAJ,Law.com CSM,Edit,Read,None,Edit
001Px00000VvufQIAR,Law.com CSM,Edit,Read,None,Edit
001Px00000Vvv3QIAR,Law.com CSM,Edit,Read,None,Edit
001Px00000Vvv3nIAB,Law.com CSM,Edit,Read,None,Edit
001Px00000Vvv4CIAR,Law.com CSM,Edit,Read,None,Edit
001Px00000VvvEHIAZ,Law.com CSM,Edit,Read,None,Edit
001Px00000VvvErIAJ,Law.com CSM,Edit,Read,None,Edit
001Px00000VvvF9IAJ,Law.com CSM,Edit,Read,None,Edit
001Px00000VvvFPIAZ,Law.com CSM,Edit,Read,None,Edit
001Px00000VvvNCIAZ,Law.com CSM,Edit,Read,None,Edit
001Px00000VvvUPIAZ,Law.com CSM,Edit,Read,None,Edit
001Px00000VvvWTIAZ,Law.com CSM,Edit,Read,None,Edit
001Px00000VvvWlIAJ,Law.com CSM,Edit,Read,None,Edit
001Px00000VvvXVIAZ,Law.com CSM,Edit,Read,None,Edit
001Px00000VvvZZIAZ,Law.com CSM,Edit,Read,None,Edit
001Px00000VvviLIAR,Law.com CSM,Edit,Read,None,Edit
001Px00000VvviPIAR,Law.com CSM,Edit,Read,None,Edit
001Px00000VvviZIAR,Law.com CSM,Edit,Read,None,Edit
001Px00000VvvibIAB,Law.com CSM,Edit,Read,None,Edit
001Px00000VvvilIAB,Law.com CSM,Edit,Read,None,Edit
001Px00000VvvjyIAB,Law.com CSM,Edit,Read,None,Edit
001Px00000Vvw3pIAB,Law.com CSM,Edit,Read,None,Edit
001Px00000VvwAHIAZ,Law.com CSM,Edit,Read,None,Edit
001Px00000VvwD6IAJ,Law.com CSM,Edit,Read,None,Edit
001Px00000VvwGGIAZ,Law.com CSM,Edit,Read,None,Edit
001Px00000VvwGhIAJ,Law.com CSM,Edit,Read,None,Edit
001Px00000VvwVZIAZ,Law.com CSM,Edit,Read,None,Edit
001Px00000VvwVcIAJ,Law.com CSM,Edit,Read,None,Edit
001Px00000VvwWvIAJ,Law.com CSM,Edit,Read,None,Edit
001Px00000VvwX4IAJ,Law.com CSM,Edit,Read,None,Edit
001Px00000VvwXyIAJ,Law.com CSM,Edit,Read,None,Edit
001Px00000VvwYNIAZ,Law.com CSM,Edit,Read,None,Edit
001Px00000VvwkDIAR,Law.com CSM,Edit,Read,None,Edit
001Px00000VvwnmIAB,Law.com CSM,Edit,Read,None,Edit
001Px00000Vvx1VIAR,Law.com CSM,Edit,Read,None,Edit
001Px00000Vvx3NIAR,Law.com CSM,Edit,Read,None,Edit
001Px00000Vvx3OIAR,Law.com CSM,Edit,Read,None,Edit
001Px00000Vvx3VIAR,Law.com CSM,Edit,Read,None,Edit
001Px00000VvxJHIAZ,Law.com CSM,Edit,Read,None,Edit
001Px00000VvxR3IAJ,Law.com CSM,Edit,Read,None,Edit
001Px00000VvxSaIAJ,Law.com CSM,Edit,Read,None,Edit
001Px00000VvxStIAJ,Law.com CSM,Edit,Read,None,Edit
001Px00000VvxceIAB,Law.com CSM,Edit,Read,None,Edit
001Px00000VvyCDIAZ,Law.com CSM,Edit,Read,None,Edit
001Px00000VvynYIAR,Law.com CSM,Edit,Read,None,Edit
001Px00000Vw0I0IAJ,Law.com CSM,Edit,Read,None,Edit
001Px00000Vw2rKIAR,Law.com CSM,Edit,Read,None,Edit
001Px00000Vw42BIAR,Law.com CSM,Edit,Read,None,Edit
001Px00000Vw73AIAR,Law.com CSM,Edit,Read,None,Edit
001Px00000Vw73CIAR,Law.com CSM,Edit,Read,None,Edit
001Px00000VwHdPIAV,Law.com CSM,Edit,Read,None,Edit
001Px00000VwHdQIAV,Law.com CSM,Edit,Read,None,Edit
001Px00000VwHdSIAV,Law.com CSM,Edit,Read,None,Edit
001Px00000VwJUBIA3,Law.com CSM,Edit,Read,None,Edit
001Px00000VwJUDIA3,Law.com CSM,Edit,Read,None,Edit
001Px00000VwJUHIA3,Law.com CSM,Edit,Read,None,Edit
001Px00000VwJUTIA3,Law.com CSM,Edit,Read,None,Edit
001Px00000VwJUXIA3,Law.com CSM,Edit,Read,None,Edit
001Px00000VwK10IAF,Law.com CSM,Edit,Read,None,Edit
001Px00000VwMKzIAN,Law.com CSM,Edit,Read,None,Edit
001Px00000VwMLxIAN,Law.com CSM,Edit,Read,None,Edit
001Px00000VwMUTIA3,Law.com CSM,Edit,Read,None,Edit
001Px00000VwMiCIAV,Law.com CSM,Edit,Read,None,Edit
001Px00000VwMijIAF,Law.com CSM,Edit,Read,None,Edit
001Px00000VwMilIAF,Law.com CSM,Edit,Read,None,Edit
001Px00000VwMwRIAV,Law.com CSM,Edit,Read,None,Edit
001Px00000VwOt2IAF,Law.com CSM,Edit,Read,None,Edit
001Px00000VwOt4IAF,Law.com CSM,Edit,Read,None,Edit
001Px00000VwPS9IAN,Law.com CSM,Edit,Read,None,Edit
001Px00000VwSCaIAN,Law.com CSM,Edit,Read,None,Edit
001Px00000VwWE3IAN,Law.com CSM,Edit,Read,None,Edit
001Px00000VwWE6IAN,Law.com CSM,Edit,Read,None,Edit
001Px00000VwWENIA3,Law.com CSM,Edit,Read,None,Edit
001Px00000VwWF9IAN,Law.com CSM,Edit,Read,None,Edit
001Px00000VwWPHIA3,Law.com CSM,Edit,Read,None,Edit
001Px00000VwWPJIA3,Law.com CSM,Edit,Read,None,Edit
001Px00000VwWPUIA3,Law.com CSM,Edit,Read,None,Edit
001Px00000VwWQaIAN,Law.com CSM,Edit,Read,None,Edit
001Px00000VwWSbIAN,Law.com CSM,Edit,Read,None,Edit
001Px00000VwWSkIAN,Law.com CSM,Edit,Read,None,Edit
001Px00000VwY3jIAF,Law.com CSM,Edit,Read,None,Edit
001Px00000VwYKVIA3,Law.com CSM,Edit,Read,None,Edit
001Px00000VwYVBIA3,Law.com CSM,Edit,Read,None,Edit
001Px00000VwYhaIAF,Law.com CSM,Edit,Read,None,Edit
001Px00000VwYpwIAF,Law.com CSM,Edit,Read,None,Edit
001Px00000VwZk5IAF,Law.com CSM,Edit,Read,None,Edit
001Px00000VwbNpIAJ,Law.com CSM,Edit,Read,None,Edit
001Px00000VwbgHIAR,Law.com CSM,Edit,Read,None,Edit
001Px00000VwbzXIAR,Law.com CSM,Edit,Read,None,Edit
001Px00000Vwc72IAB,Law.com CSM,Edit,Read,None,Edit
001Px00000Vwe5OIAR,Law.com CSM,Edit,Read,None,Edit
001Px00000VweN9IAJ,Law.com CSM,Edit,Read,None,Edit
001Px00000Vwgt5IAB,Law.com CSM,Edit,Read,None,Edit
001Px00000Vwh9wIAB,Law.com CSM,Edit,Read,None,Edit
001Px00000VwhJiIAJ,Law.com CSM,Edit,Read,None,Edit
001Px00000VwiKIIAZ,Law.com CSM,Edit,Read,None,Edit
001Px00000VxYQGIA3,Law.com CSM,Edit,Read,None,Edit
001Px00000VxhrFIAR,Law.com CSM,Edit,Read,None,Edit
001Px00000Vy9HlIAJ,Law.com CSM,Edit,Read,None,Edit
001Px00000VyC4vIAF,Law.com CSM,Edit,Read,None,Edit
001Px00000VyEkoIAF,Law.com CSM,Edit,Read,None,Edit
001Px00000VyIdNIAV,Law.com CSM,Edit,Read,None,Edit
001Px00000VyKoEIAV,Law.com CSM,Edit,Read,None,Edit
001Px00000VyKoFIAV,Law.com CSM,Edit,Read,None,Edit
001Px00000VyLDxIAN,Law.com CSM,Edit,Read,None,Edit
001Px00000VyMWIIA3,Law.com CSM,Edit,Read,None,Edit
001Px00000VyNGFIA3,Law.com CSM,Edit,Read,None,Edit
001Px00000VyNGgIAN,Law.com CSM,Edit,Read,None,Edit
001Px00000VyNGiIAN,Law.com CSM,Edit,Read,None,Edit
001Px00000VyPsaIAF,Law.com CSM,Edit,Read,None,Edit
001Px00000WkEmpIAF,Law.com CSM,Edit,Read,None,Edit
001Px00000WkN5KIAV,Law.com CSM,Edit,Read,None,Edit
001Px00000WkhfRIAR,Law.com CSM,Edit,Read,None,Edit
001Px00000XDRadIAH,Law.com CSM,Edit,Read,None,Edit
001Px00000Xs1UQIAZ,Law.com CSM,Edit,Read,None,Edit
001Px00000Xs1UiIAJ,Law.com CSM,Edit,Read,None,Edit
001Px00000Xs1UmIAJ,Law.com CSM,Edit,Read,None,Edit
001Px00000Xs1UnIAJ,Law.com CSM,Edit,Read,None,Edit
001Px00000Xs1VPIAZ,Law.com CSM,Edit,Read,None,Edit
001Px00000Xs1VWIAZ,Law.com CSM,Edit,Read,None,Edit
001Px00000Xs1VXIAZ,Law.com CSM,Edit,Read,None,Edit
001Px00000Xs1hAIAR,Law.com CSM,Edit,Read,None,Edit
001Px00000Xs1hHIAR,Law.com CSM,Edit,Read,None,Edit
001Px00000Xs1hNIAR,Law.com CSM,Edit,Read,None,Edit
001Px00000Xs1hOIAR,Law.com CSM,Edit,Read,None,Edit
001Px00000Xs1hcIAB,Law.com CSM,Edit,Read,None,Edit
001Px00000Xs1hnIAB,Law.com CSM,Edit,Read,None,Edit
001Px00000Xs1i6IAB,Law.com CSM,Edit,Read,None,Edit
001Px00000Xs1iAIAR,Law.com CSM,Edit,Read,None,Edit
001Px00000Xs1iCIAR,Law.com CSM,Edit,Read,None,Edit
001Px00000Xs1iFIAR,Law.com CSM,Edit,Read,None,Edit
001Px00000Xs1iKIAR,Law.com CSM,Edit,Read,None,Edit
001Px00000Xs1iLIAR,Law.com CSM,Edit,Read,None,Edit
001Px00000Xs1iNIAR,Law.com CSM,Edit,Read,None,Edit
001Px00000XsQ8QIAV,Law.com CSM,Edit,Read,None,Edit
001Px00000XsUMaIAN,Law.com CSM,Edit,Read,None,Edit
001Px00000XsUMcIAN,Law.com CSM,Edit,Read,None,Edit
001Px00000XsUMeIAN,Law.com CSM,Edit,Read,None,Edit
001Px00000XsUN6IAN,Law.com CSM,Edit,Read,None,Edit
001Px00000XsUNCIA3,Law.com CSM,Edit,Read,None,Edit
001Px00000XsUNHIA3,Law.com CSM,Edit,Read,None,Edit
001Px00000XsUNQIA3,Law.com CSM,Edit,Read,None,Edit
001Px00000XsUNYIA3,Law.com CSM,Edit,Read,None,Edit
001Px00000XsUNcIAN,Law.com CSM,Edit,Read,None,Edit
001Px00000XsUNeIAN,Law.com CSM,Edit,Read,None,Edit
001Px00000XsUeCIAV,Law.com CSM,Edit,Read,None,Edit
001Px00000XsUeFIAV,Law.com CSM,Edit,Read,None,Edit
001Px00000XsUeLIAV,Law.com CSM,Edit,Read,None,Edit
001Px00000XsUeMIAV,Law.com CSM,Edit,Read,None,Edit
001Px00000XsUePIAV,Law.com CSM,Edit,Read,None,Edit
001Px00000XsUeYIAV,Law.com CSM,Edit,Read,None,Edit
001Px00000XsUeeIAF,Law.com CSM,Edit,Read,None,Edit
001Px00000XsUenIAF,Law.com CSM,Edit,Read,None,Edit
001Px00000XsUeoIAF,Law.com CSM,Edit,Read,None,Edit
001Px00000XsUf1IAF,Law.com CSM,Edit,Read,None,Edit
001Px00000XsUfBIAV,Law.com CSM,Edit,Read,None,Edit
001Px00000XsUfaIAF,Law.com CSM,Edit,Read,None,Edit
001Px00000XsUfcIAF,Law.com CSM,Edit,Read,None,Edit
001Px00000XsUpiIAF,Law.com CSM,Edit,Read,None,Edit
001Px00000XsUpjIAF,Law.com CSM,Edit,Read,None,Edit
001Px00000XsUppIAF,Law.com CSM,Edit,Read,None,Edit
001Px00000XsUpwIAF,Law.com CSM,Edit,Read,None,Edit
001Px00000XsUpzIAF,Law.com CSM,Edit,Read,None,Edit
001Px00000XsUq5IAF,Law.com CSM,Edit,Read,None,Edit
001Px00000XsUq6IAF,Law.com CSM,Edit,Read,None,Edit
001Px00000XsUq9IAF,Law.com CSM,Edit,Read,None,Edit
001Px00000XsUqGIAV,Law.com CSM,Edit,Read,None,Edit
001Px00000XsUqLIAV,Law.com CSM,Edit,Read,None,Edit
001Px00000XsUqMIAV,Law.com CSM,Edit,Read,None,Edit
001Px00000XsUqiIAF,Law.com CSM,Edit,Read,None,Edit
001Px00000XsUqsIAF,Law.com CSM,Edit,Read,None,Edit
001Px00000XsUqtIAF,Law.com CSM,Edit,Read,None,Edit
001Px00000XsUstIAF,Law.com CSM,Edit,Read,None,Edit
001Px00000XsUsyIAF,Law.com CSM,Edit,Read,None,Edit
001Px00000XsUt1IAF,Law.com CSM,Edit,Read,None,Edit
001Px00000XsUt3IAF,Law.com CSM,Edit,Read,None,Edit
001Px00000XsUt4IAF,Law.com CSM,Edit,Read,None,Edit
001Px00000XsUteIAF,Law.com CSM,Edit,Read,None,Edit
001Px00000XsUtfIAF,Law.com CSM,Edit,Read,None,Edit
001Px00000XsUtkIAF,Law.com CSM,Edit,Read,None,Edit
001Px00000XsUtpIAF,Law.com CSM,Edit,Read,None,Edit
001Px00000XsUtzIAF,Law.com CSM,Edit,Read,None,Edit
001Px00000XsUu3IAF,Law.com CSM,Edit,Read,None,Edit
001Px00000XsUu5IAF,Law.com CSM,Edit,Read,None,Edit
001Px00000XsVddIAF,Law.com CSM,Edit,Read,None,Edit
001Px00000XsVdhIAF,Law.com CSM,Edit,Read,None,Edit
001Px00000XsVdsIAF,Law.com CSM,Edit,Read,None,Edit
001Px00000XsVduIAF,Law.com CSM,Edit,Read,None,Edit
001Px00000XsVdvIAF,Law.com CSM,Edit,Read,None,Edit
001Px00000XsVe2IAF,Law.com CSM,Edit,Read,None,Edit
001Px00000XsVe8IAF,Law.com CSM,Edit,Read,None,Edit
001Px00000XsVeHIAV,Law.com CSM,Edit,Read,None,Edit
001Px00000XsVeZIAV,Law.com CSM,Edit,Read,None,Edit
001Px00000XsVeaIAF,Law.com CSM,Edit,Read,None,Edit
001Px00000XsVenIAF,Law.com CSM,Edit,Read,None,Edit
001Px00000XsVeoIAF,Law.com CSM,Edit,Read,None,Edit
001Px00000XsVhBIAV,Law.com CSM,Edit,Read,None,Edit
001Px00000XsVhUIAV,Law.com CSM,Edit,Read,None,Edit
001Px00000XsVhmIAF,Law.com CSM,Edit,Read,None,Edit
001Px00000XsVhpIAF,Law.com CSM,Edit,Read,None,Edit
001Px00000XsVhqIAF,Law.com CSM,Edit,Read,None,Edit
001Px00000XsVhwIAF,Law.com CSM,Edit,Read,None,Edit
001Px00000XsVi1IAF,Law.com CSM,Edit,Read,None,Edit
001Px00000XsVi6IAF,Law.com CSM,Edit,Read,None,Edit
001Px00000XsVi8IAF,Law.com CSM,Edit,Read,None,Edit
001Px00000XsaDUIAZ,Law.com CSM,Edit,Read,None,Edit
001Px00000XsaDaIAJ,Law.com CSM,Edit,Read,None,Edit
001Px00000XsaDlIAJ,Law.com CSM,Edit,Read,None,Edit
001Px00000XsaDvIAJ,Law.com CSM,Edit,Read,None,Edit
001Px00000XsaESIAZ,Law.com CSM,Edit,Read,None,Edit
001Px00000XsaEdIAJ,Law.com CSM,Edit,Read,None,Edit
001Px00000XsaEkIAJ,Law.com CSM,Edit,Read,None,Edit
001Px00000XsaElIAJ,Law.com CSM,Edit,Read,None,Edit
001Px00000XsbrIIAR,Law.com CSM,Edit,Read,None,Edit
001Px00000XsbrkIAB,Law.com CSM,Edit,Read,None,Edit
001Px00000Xsbs5IAB,Law.com CSM,Edit,Read,None,Edit
001Px00000Xsbs6IAB,Law.com CSM,Edit,Read,None,Edit
001Px00000Xsbs7IAB,Law.com CSM,Edit,Read,None,Edit
001Px00000Xsbs9IAB,Law.com CSM,Edit,Read,None,Edit
001Px00000XsbsAIAR,Law.com CSM,Edit,Read,None,Edit
001Px00000XscvFIAR,Law.com CSM,Edit,Read,None,Edit
001Px00000XscvPIAR,Law.com CSM,Edit,Read,None,Edit
001Px00000XscvSIAR,Law.com CSM,Edit,Read,None,Edit
001Px00000XscvYIAR,Law.com CSM,Edit,Read,None,Edit
001Px00000XscvaIAB,Law.com CSM,Edit,Read,None,Edit
001Px00000XscvbIAB,Law.com CSM,Edit,Read,None,Edit
001Px00000XscvuIAB,Law.com CSM,Edit,Read,None,Edit
001Px00000Xscw1IAB,Law.com CSM,Edit,Read,None,Edit
001Px00000Xscw5IAB,Law.com CSM,Edit,Read,None,Edit
001Px00000XscwKIAR,Law.com CSM,Edit,Read,None,Edit
001Px00000XscwPIAR,Law.com CSM,Edit,Read,None,Edit
001Px00000XscwRIAR,Law.com CSM,Edit,Read,None,Edit
001Px00000XscwUIAR,Law.com CSM,Edit,Read,None,Edit
001Px00000Xsg19IAB,Law.com CSM,Edit,Read,None,Edit
001Px00000Xsg1RIAR,Law.com CSM,Edit,Read,None,Edit
001Px00000Xsg1SIAR,Law.com CSM,Edit,Read,None,Edit
001Px00000Xsg1UIAR,Law.com CSM,Edit,Read,None,Edit
001Px00000Xsg1eIAB,Law.com CSM,Edit,Read,None,Edit
001Px00000Xsg1nIAB,Law.com CSM,Edit,Read,None,Edit
001Px00000Xsg1vIAB,Law.com CSM,Edit,Read,None,Edit
001Px00000Xsg1wIAB,Law.com CSM,Edit,Read,None,Edit
001Px00000Xsg2DIAR,Law.com CSM,Edit,Read,None,Edit
001Px00000Xsg2NIAR,Law.com CSM,Edit,Read,None,Edit
001Px00000XsgCSIAZ,Law.com CSM,Edit,Read,None,Edit
001Px00000XsgCyIAJ,Law.com CSM,Edit,Read,None,Edit
001Px00000XsgD0IAJ,Law.com CSM,Edit,Read,None,Edit
001Px00000XsgDKIAZ,Law.com CSM,Edit,Read,None,Edit
001Px00000XsgDMIAZ,Law.com CSM,Edit,Read,None,Edit
001Px00000XsgDTIAZ,Law.com CSM,Edit,Read,None,Edit
001Px00000XsgDWIAZ,Law.com CSM,Edit,Read,None,Edit
001Px00000Xsi4NIAR,Law.com CSM,Edit,Read,None,Edit
001Px00000Xsi4OIAR,Law.com CSM,Edit,Read,None,Edit
001Px00000Xsi4WIAR,Law.com CSM,Edit,Read,None,Edit
001Px00000Xsi4YIAR,Law.com CSM,Edit,Read,None,Edit
001Px00000Xsi4gIAB,Law.com CSM,Edit,Read,None,Edit
001Px00000Xsi4rIAB,Law.com CSM,Edit,Read,None,Edit
001Px00000Xsi52IAB,Law.com CSM,Edit,Read,None,Edit
001Px00000Xsi5HIAR,Law.com CSM,Edit,Read,None,Edit
001Px00000Xsi5XIAR,Law.com CSM,Edit,Read,None,Edit
001Px00000Xsi5kIAB,Law.com CSM,Edit,Read,None,Edit
001Px00000XsiZ2IAJ,Law.com CSM,Edit,Read,None,Edit
001Px00000XsiZ4IAJ,Law.com CSM,Edit,Read,None,Edit
001Px00000XsiZTIAZ,Law.com CSM,Edit,Read,None,Edit
001Px00000XsiZVIAZ,Law.com CSM,Edit,Read,None,Edit
001Px00000XsiZoIAJ,Law.com CSM,Edit,Read,None,Edit
001Px00000XsiZuIAJ,Law.com CSM,Edit,Read,None,Edit
001Px00000XsiZyIAJ,Law.com CSM,Edit,Read,None,Edit
001Px00000XsiaFIAR,Law.com CSM,Edit,Read,None,Edit
001Px00000XsiaQIAR,Law.com CSM,Edit,Read,None,Edit
001Px00000XskcSIAR,Law.com CSM,Edit,Read,None,Edit
001Px00000Xske4IAB,Law.com CSM,Edit,Read,None,Edit
001Px00000XskeCIAR,Law.com CSM,Edit,Read,None,Edit
001Px00000XskeDIAR,Law.com CSM,Edit,Read,None,Edit
001Px00000XskhFIAR,Law.com CSM,Edit,Read,None,Edit
001Px00000XskhMIAR,Law.com CSM,Edit,Read,None,Edit
001Px00000XskisIAB,Law.com CSM,Edit,Read,None,Edit
001Px00000Xskm1IAB,Law.com CSM,Edit,Read,None,Edit
001Px00000XskndIAB,Law.com CSM,Edit,Read,None,Edit
001Px00000XskngIAB,Law.com CSM,Edit,Read,None,Edit
001Px00000XskpHIAR,Law.com CSM,Edit,Read,None,Edit
001Px00000XskquIAB,Law.com CSM,Edit,Read,None,Edit
001Px00000Xsku7IAB,Law.com CSM,Edit,Read,None,Edit
001Px00000XskuGIAR,Law.com CSM,Edit,Read,None,Edit
001Px00000XskyzIAB,Law.com CSM,Edit,Read,None,Edit
001Px00000Xskz6IAB,Law.com CSM,Edit,Read,None,Edit
001Px00000Xskz7IAB,Law.com CSM,Edit,Read,None,Edit
001Px00000Xsl0cIAB,Law.com CSM,Edit,Read,None,Edit
001Px00000Xsl0dIAB,Law.com CSM,Edit,Read,None,Edit
001Px00000Xsl0eIAB,Law.com CSM,Edit,Read,None,Edit
001Px00000Xsl2IIAR,Law.com CSM,Edit,Read,None,Edit
001Px00000Xsl2NIAR,Law.com CSM,Edit,Read,None,Edit
001Px00000Xsl5TIAR,Law.com CSM,Edit,Read,None,Edit
001Px00000ZAsnpIAD,Law.com CSM,Edit,Read,None,Edit
001Px00000aUO9tIAG,Law.com CSM,Edit,Read,None,Edit
001Px00000bGCb1IAG,Law.com CSM,Edit,Read,None,Edit
001Px00000cAI9VIAW,Law.com CSM,Edit,Read,None,Edit
001Px00000cAd1fIAC,Law.com CSM,Edit,Read,None,Edit
001Px00000cUV8aIAG,Law.com CSM,Edit,Read,None,Edit
001Px00000dAZhCIAW,Law.com CSM,Edit,Read,None,Edit
001Tm0000030cuqIAA,Law.com CSM,Edit,Read,None,Edit
001Tm000004sj4OIAQ,Law.com CSM,Edit,Read,None,Edit
001Tm00000C8xnEIAR,Law.com CSM,Edit,Read,None,Edit
001Tm00000ME7ZkIAL,Law.com CSM,Edit,Read,None,Edit
001Tm00000ME7ZrIAL,Law.com CSM,Edit,Read,None,Edit
001Tm00000MEAuKIAX,Law.com CSM,Edit,Read,None,Edit
001Tm00000MEBDvIAP,Law.com CSM,Edit,Read,None,Edit
001Tm00000MEBbrIAH,Law.com CSM,Edit,Read,None,Edit
001Tm00000MEBd4IAH,Law.com CSM,Edit,Read,None,Edit
001Tm00000MEBn2IAH,Law.com CSM,Edit,Read,None,Edit
001Tm00000MEBnPIAX,Law.com CSM,Edit,Read,None,Edit
001Tm00000MEBoNIAX,Law.com CSM,Edit,Read,None,Edit
001Tm00000MECmyIAH,Law.com CSM,Edit,Read,None,Edit
001Tm00000MECnLIAX,Law.com CSM,Edit,Read,None,Edit
001Tm00000MED2TIAX,Law.com CSM,Edit,Read,None,Edit
001Tm00000MEDUOIA5,Law.com CSM,Edit,Read,None,Edit
001Tm00000MEFPUIA5,Law.com CSM,Edit,Read,None,Edit
001Tm00000MEFyaIAH,Law.com CSM,Edit,Read,None,Edit
001Tm00000MEG93IAH,Law.com CSM,Edit,Read,None,Edit
001Tm00000MEG9GIAX,Law.com CSM,Edit,Read,None,Edit
001Tm00000MEG9JIAX,Law.com CSM,Edit,Read,None,Edit
001Tm00000MEGejIAH,Law.com CSM,Edit,Read,None,Edit
001Tm00000MEGf0IAH,Law.com CSM,Edit,Read,None,Edit
001Tm00000MEI3aIAH,Law.com CSM,Edit,Read,None,Edit
001Tm00000MEIZyIAP,Law.com CSM,Edit,Read,None,Edit
001Tm00000MEIarIAH,Law.com CSM,Edit,Read,None,Edit
001Tm00000MEIsuIAH,Law.com CSM,Edit,Read,None,Edit
001Tm00000MEKKkIAP,Law.com CSM,Edit,Read,None,Edit
001Tm00000MEKRpIAP,Law.com CSM,Edit,Read,None,Edit
001Tm00000MELPvIAP,Law.com CSM,Edit,Read,None,Edit
001Tm00000MEM6oIAH,Law.com CSM,Edit,Read,None,Edit
001Tm00000MEM8KIAX,Law.com CSM,Edit,Read,None,Edit
001Tm00000MEMAfIAP,Law.com CSM,Edit,Read,None,Edit
001Tm00000MEMAsIAP,Law.com CSM,Edit,Read,None,Edit
001Tm00000MEMAuIAP,Law.com CSM,Edit,Read,None,Edit
001Tm00000MEMBcIAP,Law.com CSM,Edit,Read,None,Edit
001Tm00000MEMaMIAX,Law.com CSM,Edit,Read,None,Edit
001Tm00000MEMbCIAX,Law.com CSM,Edit,Read,None,Edit
001Tm00000MEMgqIAH,Law.com CSM,Edit,Read,None,Edit
001Tm00000MEMhfIAH,Law.com CSM,Edit,Read,None,Edit
001Tm00000MEMzvIAH,Law.com CSM,Edit,Read,None,Edit
001Tm00000MEN3VIAX,Law.com CSM,Edit,Read,None,Edit
001Tm00000MENLYIA5,Law.com CSM,Edit,Read,None,Edit
001Tm00000MEOZsIAP,Law.com CSM,Edit,Read,None,Edit
001Tm00000MEOo5IAH,Law.com CSM,Edit,Read,None,Edit
001Tm00000MEP1QIAX,Law.com CSM,Edit,Read,None,Edit
001Tm00000MEP2VIAX,Law.com CSM,Edit,Read,None,Edit
001Tm00000MEPYqIAP,Law.com CSM,Edit,Read,None,Edit
001Tm00000MEPaJIAX,Law.com CSM,Edit,Read,None,Edit
001Tm00000MEPgKIAX,Law.com CSM,Edit,Read,None,Edit
001Tm00000MEPmLIAX,Law.com CSM,Edit,Read,None,Edit
001Tm00000MEQ5RIAX,Law.com CSM,Edit,Read,None,Edit
001Tm00000MEROpIAP,Law.com CSM,Edit,Read,None,Edit
001Tm00000MERP2IAP,Law.com CSM,Edit,Read,None,Edit
001Tm00000MERohIAH,Law.com CSM,Edit,Read,None,Edit
001Tm00000MERpiIAH,Law.com CSM,Edit,Read,None,Edit
001Tm00000MESE6IAP,Law.com CSM,Edit,Read,None,Edit
001Tm00000MESELIA5,Law.com CSM,Edit,Read,None,Edit
001Tm00000MESEoIAP,Law.com CSM,Edit,Read,None,Edit
001Tm00000MESFqIAP,Law.com CSM,Edit,Read,None,Edit
001Tm00000MESQfIAP,Law.com CSM,Edit,Read,None,Edit
001Tm00000MESmXIAX,Law.com CSM,Edit,Read,None,Edit
001Tm00000MESmwIAH,Law.com CSM,Edit,Read,None,Edit
001Tm00000MESpHIAX,Law.com CSM,Edit,Read,None,Edit
001Tm00000MET8xIAH,Law.com CSM,Edit,Read,None,Edit
001Tm00000METNKIA5,Law.com CSM,Edit,Read,None,Edit
001Tm00000METO6IAP,Law.com CSM,Edit,Read,None,Edit
001Tm00000METObIAP,Law.com CSM,Edit,Read,None,Edit
001Tm00000METXkIAP,Law.com CSM,Edit,Read,None,Edit
001Tm00000METXrIAP,Law.com CSM,Edit,Read,None,Edit
001Tm00000METn6IAH,Law.com CSM,Edit,Read,None,Edit
001Tm00000METruIAH,Law.com CSM,Edit,Read,None,Edit
001Tm00000METyVIAX,Law.com CSM,Edit,Read,None,Edit
001Tm00000MEU7OIAX,Law.com CSM,Edit,Read,None,Edit
001Tm00000MEUJRIA5,Law.com CSM,Edit,Read,None,Edit
001Tm00000MEUJaIAP,Law.com CSM,Edit,Read,None,Edit
001Tm00000MEUKVIA5,Law.com CSM,Edit,Read,None,Edit
001Tm00000MEUUJIA5,Law.com CSM,Edit,Read,None,Edit
001Tm00000MEUbhIAH,Law.com CSM,Edit,Read,None,Edit
001Tm00000MEV2TIAX,Law.com CSM,Edit,Read,None,Edit
001Tm00000MEV7cIAH,Law.com CSM,Edit,Read,None,Edit
001Tm00000MEV90IAH,Law.com CSM,Edit,Read,None,Edit
001Tm00000MEVAuIAP,Law.com CSM,Edit,Read,None,Edit
001Tm00000MEVBUIA5,Law.com CSM,Edit,Read,None,Edit
001Tm00000MEVC7IAP,Law.com CSM,Edit,Read,None,Edit
001Tm00000MEVH1IAP,Law.com CSM,Edit,Read,None,Edit
001Tm00000MEVO4IAP,Law.com CSM,Edit,Read,None,Edit
001Tm00000MEVOkIAP,Law.com CSM,Edit,Read,None,Edit
001Tm00000MEVfKIAX,Law.com CSM,Edit,Read,None,Edit
001Tm00000MEVfsIAH,Law.com CSM,Edit,Read,None,Edit
001Tm00000MEVgAIAX,Law.com CSM,Edit,Read,None,Edit
001Tm00000MEVhbIAH,Law.com CSM,Edit,Read,None,Edit
001Tm00000MEWLIIA5,Law.com CSM,Edit,Read,None,Edit
001Tm00000MEWLYIA5,Law.com CSM,Edit,Read,None,Edit
001Tm00000MEWLxIAP,Law.com CSM,Edit,Read,None,Edit
001Tm00000MEWMFIA5,Law.com CSM,Edit,Read,None,Edit
001Tm00000MEWVyIAP,Law.com CSM,Edit,Read,None,Edit
001Tm00000MKZcuIAH,Law.com CSM,Edit,Read,None,Edit
001Tm00000MtBmqIAF,Law.com CSM,Edit,Read,None,Edit
001Tm00000MtHBEIA3,Law.com CSM,Edit,Read,None,Edit
001Tm00000MtJnWIAV,Law.com CSM,Edit,Read,None,Edit
001Tm00000MtMASIA3,Law.com CSM,Edit,Read,None,Edit
001Tm00000MtNMZIA3,Law.com CSM,Edit,Read,None,Edit
001Tm00000MtO3FIAV,Law.com CSM,Edit,Read,None,Edit
001Tm00000MtRaQIAV,Law.com CSM,Edit,Read,None,Edit
001Tm00000MtRalIAF,Law.com CSM,Edit,Read,None,Edit
001Tm00000MtVYrIAN,Law.com CSM,Edit,Read,None,Edit
001Tm00000MtWIWIA3,Law.com CSM,Edit,Read,None,Edit
001Tm00000MtWbQIAV,Law.com CSM,Edit,Read,None,Edit
001Tm00000MtXLYIA3,Law.com CSM,Edit,Read,None,Edit
001Tm00000MtXLkIAN,Law.com CSM,Edit,Read,None,Edit
001Tm00000MtXOSIA3,Law.com CSM,Edit,Read,None,Edit
001Tm00000MtXRmIAN,Law.com CSM,Edit,Read,None,Edit
