Category,Opp Id,Name,Account,Stage,Close,Stored Code,Derived Code (revenue rule),LAWM revenue,LWKM revenue,Link
SHOULD_BE_BLANK,006Px00000Ljae2IAB,1850715955-RAYNES LAWN-2025 LRL,Raynes & Lawn,Closed Won,2025-09-30,1,none,,,https://lawbusinessresearch.my.salesforce.com/006Px00000Ljae2IAB
SHOULD_BE_BLANK,006Px00000LkQ9dIAF,White Case - Research Suite,White & Case LLP,Closed Won,2025-12-16,1,none,,,https://lawbusinessresearch.my.salesforce.com/006Px00000LkQ9dIAF
SHOULD_BE_BLANK,006Px00000LkQAhIAN,New Columbia University NewsVault-NJU,Columbia Law School,Closed Won,2026-02-05,1,none,,,https://lawbusinessresearch.my.salesforce.com/006Px00000LkQAhIAN
SHOULD_BE_BLANK,006Px00000LkT99IAF,1850717652-G&T SERVICE COMPANY PTY LTD-2026 LAW,G&T Service Company Pty Ltd,Closed Won,2026-02-20,1,none,,,https://lawbusinessresearch.my.salesforce.com/006Px00000LkT99IAF
SHOULD_BE_BLANK,006Px00000LkT9AIAV,1850717663-G&T SERVICE COMPANY PTY LTD-2026 LWK,G&T Service Company Pty Ltd,Closed Won,2026-02-20,1,none,,,https://lawbusinessresearch.my.salesforce.com/006Px00000LkT9AIAV
SHOULD_BE_BLANK,006Px00000LkTJIIA3,1850717873 - Carlos Tames - Galicia Abogados - LWKM,Galicia Abogados,Closed Won,2026-03-04,1,none,,,https://lawbusinessresearch.my.salesforce.com/006Px00000LkTJIIA3
SHOULD_BE_BLANK,006Px00000LkTJJIA3,1850717874 - Carlos Tames - Galicia Abogados - LAWM,Galicia Abogados,Closed Won,2026-03-04,1,none,,,https://lawbusinessresearch.my.salesforce.com/006Px00000LkTJJIA3
SHOULD_BE_BLANK,006Px00000LkTgpIAF,1850370628-COLUMBIA LAW SCHOOL LIBRARY-2026 LAW,Columbia Law School,Closed Won,2026-02-05,1,none,,,https://lawbusinessresearch.my.salesforce.com/006Px00000LkTgpIAF
SHOULD_BE_BLANK,006Px00000LkU7qIAF,1850718534 - Christophe Chatelle - Van Bael & Bellis - LWKM,Van Bael & Bellis,Closed Won,2026-03-19,1,none,,,https://lawbusinessresearch.my.salesforce.com/006Px00000LkU7qIAF
SHOULD_BE_BLANK,006Px00000LkhhyIAB,1850370307-NAT'L ASSOC FOR LAW PLACEMENT-2024 LAW,National Association For Law Placement,Closed Won,2024-11-12,3,none,,,https://lawbusinessresearch.my.salesforce.com/006Px00000LkhhyIAB
SHOULD_BE_BLANK,006Px00000Lki2SIAR,1850647548-NAT'L ASSOC FOR LAW PLACEMENT-2024 LWK,National Association For Law Placement,Closed Won,2024-11-12,3,none,,,https://lawbusinessresearch.my.salesforce.com/006Px00000Lki2SIAR
SHOULD_BE_BLANK,006Px00000LkikRIAR,1850703063-INTAPP INC-2024 LAW,Intapp Inc,Closed Won,2024-11-11,3,none,,,https://lawbusinessresearch.my.salesforce.com/006Px00000LkikRIAR
SHOULD_BE_BLANK,006Px00000LkikSIAR,1850691660-INTAPP INC-2024 LGC,Intapp Inc,Closed Won,2024-11-11,3,none,,,https://lawbusinessresearch.my.salesforce.com/006Px00000LkikSIAR
SHOULD_BE_BLANK,006Px00000LkikTIAR,1850703064-INTAPP INC-2024 LWK,Intapp Inc,Closed Won,2024-11-11,3,none,,,https://lawbusinessresearch.my.salesforce.com/006Px00000LkikTIAR
SHOULD_BE_BLANK,006Px00000Ll2bOIAR,New D'Angelo Law Lib University of Chicago Law.com International-NJU,D'Angelo Law Library - University Of Chicago,Closed Won,2025-08-25,1,none,,,https://lawbusinessresearch.my.salesforce.com/006Px00000Ll2bOIAR
SHOULD_BE_BLANK,006Px00000Ll2bQIAR,NEW UNIVERSITY OF PENNSYLVANIA STATE COURTS-NJU,University Of Pennsylvania Carey Law School,Closed Won,2025-05-06,1,none,,,https://lawbusinessresearch.my.salesforce.com/006Px00000Ll2bQIAR
SHOULD_BE_BLANK,006Px00000Ll2bRIAR,NEW UNIVERSITY OF PENNSYLVANIA LAW.COM COMPASS-NJU,University Of Pennsylvania Carey Law School,Closed Won,2025-05-06,1,none,,,https://lawbusinessresearch.my.salesforce.com/006Px00000Ll2bRIAR
SHOULD_BE_BLANK,006Px00000Ll2bSIAR,NEW UNIVERSITY OF PENNSLYVANIA NEWSVAULT-NJU,University Of Pennsylvania Carey Law School,Closed Won,2025-05-06,1,none,,,https://lawbusinessresearch.my.salesforce.com/006Px00000Ll2bSIAR
SHOULD_BE_BLANK,006Px00000Ll2bTIAR,NEW-UNIVERSITY OF PENNSYLVANIA-2025 VERDICT SEARCH-NJU,University Of Pennsylvania Carey Law School,Closed Won,2025-05-06,1,none,,,https://lawbusinessresearch.my.salesforce.com/006Px00000Ll2bTIAR
SHOULD_BE_BLANK,006Px00000Ll2bVIAR,New University of Michigan State Courts-NJU,University Of Michigan,Closed Won,2025-05-15,1,none,,,https://lawbusinessresearch.my.salesforce.com/006Px00000Ll2bVIAR
SHOULD_BE_BLANK,006Px00000Ll2bXIAR,New University of Chicago Verdict Search-NJU,D'Angelo Law Library - University Of Chicago,Closed Won,2025-08-25,1,none,,,https://lawbusinessresearch.my.salesforce.com/006Px00000Ll2bXIAR
SHOULD_BE_BLANK,006Px00000LlGepIAF,1850629390-UNIVERSITY OF PENNSYLVANIA-2025 LAW,University Of Pennsylvania Carey Law School,Closed Won,2025-05-06,1,none,,,https://lawbusinessresearch.my.salesforce.com/006Px00000LlGepIAF
SHOULD_BE_BLANK,006Px00000LlGeqIAF,1850517571-UNIVERSITY OF PENNSYLVANIA-2025 CHL,University Of Pennsylvania Carey Law School,Closed Won,2025-05-06,1,none,,,https://lawbusinessresearch.my.salesforce.com/006Px00000LlGeqIAF
SHOULD_BE_BLANK,006Px00000LlGeuIAF,1850677075-UNIVERSITY OF TEXAS AT AUSTIN-2025 LAW,University Of Texas,Closed Won,2025-10-03,1,none,,,https://lawbusinessresearch.my.salesforce.com/006Px00000LlGeuIAF
SHOULD_BE_BLANK,006Px00000LlGexIAF,1850372214-UNIVERSITY OF WISCONSIN-2025 LAW,University Of Wisconsin School Of Law,Closed Won,2025-08-29,3,none,,,https://lawbusinessresearch.my.salesforce.com/006Px00000LlGexIAF
SHOULD_BE_BLANK,006Px00000LlGeyIAF,1850708306-UNIVERSITY OF WISCONSIN-2025 LWK,University Of Wisconsin School Of Law,Closed Won,2025-08-29,3,none,,,https://lawbusinessresearch.my.salesforce.com/006Px00000LlGeyIAF
SHOULD_BE_BLANK,006Px00000LlGfDIAV,1850714079-SMU LAW LIBRARY-2025 LWK,Smu Law Library,Closed Won,2025-04-24,3,none,,,https://lawbusinessresearch.my.salesforce.com/006Px00000LlGfDIAV
SHOULD_BE_BLANK,006Px00000LlGfFIAV,1850705405-RUSSELL REYNOLDS ASSOCIATES-2026 LAW,Russell Reynolds,Closed Won,2025-11-25,3,none,,,https://lawbusinessresearch.my.salesforce.com/006Px00000LlGfFIAV
SHOULD_BE_BLANK,006Px00000LlGfGIAV,1850705418-RUSSELL REYNOLDS ASSOCIATES-2026 LWK,Russell Reynolds,Closed Won,2025-11-25,3,none,,,https://lawbusinessresearch.my.salesforce.com/006Px00000LlGfGIAV
SHOULD_BE_BLANK,006Px00000LlLBRIA3,1850700175-FAIRFAX ASSOCIATES-2025 LWK,Fairfax Associates,Closed Won,2025-04-28,3,none,,,https://lawbusinessresearch.my.salesforce.com/006Px00000LlLBRIA3
SHOULD_BE_BLANK,006Px00000LlLBXIA3,1850715664-BOUND PARTNERS-2025 LWK,Bound Partners,Closed Won,2025-09-12,3,none,,,https://lawbusinessresearch.my.salesforce.com/006Px00000LlLBXIA3
SHOULD_BE_BLANK,006Px00000LlLBpIAN,1850686599-CLIFF GROUP-2025 LAW,Cliff Group,Closed Won,2025-05-28,3,none,,,https://lawbusinessresearch.my.salesforce.com/006Px00000LlLBpIAN
SHOULD_BE_BLANK,006Px00000LlLC3IAN,1850686603-CLIFF GROUP-2025 LWK-GBP,Cliff Group,Closed Won,2025-05-28,3,none,,,https://lawbusinessresearch.my.salesforce.com/006Px00000LlLC3IAN
SHOULD_BE_BLANK,006Px00000LlLCKIA3,1850455112 KREINDLER & KREINDLER LLP-2025 NY -,Kreindler & Kreindler LLP,Closed Won,2025-05-29,1,none,,,https://lawbusinessresearch.my.salesforce.com/006Px00000LlLCKIA3
SHOULD_BE_BLANK,006Px00000LlLCtIAN,NEW-WINGATE RUSSOTTI SHAPIRO MOSES & HALPERN LLP-2025 NYOM/ VS,Wingate Russotti Shapiro Moses & Halperin LLP,Closed Won,2025-04-18,2,none,,,https://lawbusinessresearch.my.salesforce.com/006Px00000LlLCtIAN
SHOULD_BE_BLANK,006Px00000LlNOwIAN,1850536264-ARTHUR COX UNLIMITED COMPANY-2025 LWK-GBP,Arthur Cox Unlimited Company,Closed Won,2025-08-29,3,none,,,https://lawbusinessresearch.my.salesforce.com/006Px00000LlNOwIAN
SHOULD_BE_BLANK,006Px00000LlNTqIAN,1850712681-KRAMER DILLOF LIVINGSTON MOORE-2025 LAW,"Kramer, Dillof, Livingston & Moore,LLP",Closed Won,2025-01-24,1,none,,,https://lawbusinessresearch.my.salesforce.com/006Px00000LlNTqIAN
SHOULD_BE_BLANK,006Px00000LlNTrIAN,1850712682-KRAMER DILLOF LIVINGSTON MOORE-2025 LRC,"Kramer, Dillof, Livingston & Moore,LLP",Closed Won,2025-01-24,1,none,,,https://lawbusinessresearch.my.salesforce.com/006Px00000LlNTrIAN
SHOULD_BE_BLANK,006Px00000LlNTsIAN,1850712686-KRAMER DILLOF LIVINGSTON MOORE-2025 VSC,"Kramer, Dillof, Livingston & Moore,LLP",Closed Won,2025-01-24,1,none,,,https://lawbusinessresearch.my.salesforce.com/006Px00000LlNTsIAN
SHOULD_BE_BLANK,006Px00000LlNTuIAN,1850712638-GILL CHAMAS-2025 LAW,"Gill & Chamas, L.L.C",Closed Won,2025-01-24,1,none,,,https://lawbusinessresearch.my.salesforce.com/006Px00000LlNTuIAN
SHOULD_BE_BLANK,006Px00000LlNTvIAN,1850712639-GILL CHAMAS-2025 LRL,"Gill & Chamas, L.L.C",Closed Won,2025-01-24,1,none,,,https://lawbusinessresearch.my.salesforce.com/006Px00000LlNTvIAN
SHOULD_BE_BLANK,006Px00000LlNUIIA3,1504948-GROSSMAN ROTH P A-2025 VSCOM,"Grossman Roth, P.A.",Closed Won,2025-05-27,1,none,,,https://lawbusinessresearch.my.salesforce.com/006Px00000LlNUIIA3
SHOULD_BE_BLANK,006Px00000LlNUKIA3,1503654-KREINDLER & KREINDLER LLP-2025 VSCOM,Kreindler & Kreindler LLP,Closed Won,2025-05-29,1,none,,,https://lawbusinessresearch.my.salesforce.com/006Px00000LlNUKIA3
SHOULD_BE_BLANK,006Px00000LlNUoIAN,001850707483-AVANCE PARTNER SEARCH-2025 LGC,Avance Partner Search,Closed Won,2025-04-11,3,none,,,https://lawbusinessresearch.my.salesforce.com/006Px00000LlNUoIAN
SHOULD_BE_BLANK,006Px00000LlNUpIAN,001850629237-BARETZ BRUNELLE LLC-2025 LAW,Baretz + Brunelle LLC,Closed Won,2025-09-24,3,none,,,https://lawbusinessresearch.my.salesforce.com/006Px00000LlNUpIAN
SHOULD_BE_BLANK,006Px00000LlNUqIAN,001850699485-BARETZ BRUNELLE LLC -2025 LWK,Baretz + Brunelle LLC,Closed Won,2025-09-24,3,none,,,https://lawbusinessresearch.my.salesforce.com/006Px00000LlNUqIAN
SHOULD_BE_BLANK,006Px00000LlNUxIAN,001850678878-E P DINE-2025 LAW,E.P. Dine Inc.,Closed Won,2025-04-11,1,none,,,https://lawbusinessresearch.my.salesforce.com/006Px00000LlNUxIAN
SHOULD_BE_BLANK,006Px00000LlNUyIAN,001850691711-E P DINE-2025 LGC,E.P. Dine Inc.,Closed Won,2025-04-11,1,none,,,https://lawbusinessresearch.my.salesforce.com/006Px00000LlNUyIAN
SHOULD_BE_BLANK,006Px00000LlNV2IAN,001850715389-FRIED GOLDBERG LLC-2025 LAW,Fried Goldberg LLC,Closed Won,2025-08-11,1,none,,,https://lawbusinessresearch.my.salesforce.com/006Px00000LlNV2IAN
SHOULD_BE_BLANK,006Px00000LlNV3IAN,001850715390-FRIED GOLDBERG LLC-2025 LRL,Fried Goldberg LLC,Closed Won,2025-08-11,1,none,,,https://lawbusinessresearch.my.salesforce.com/006Px00000LlNV3IAN
SHOULD_BE_BLANK,006Px00000LlNV7IAN,001850714989-GROSSMAN ROTH PA-2025 LAW,"Grossman Roth, P.A.",Closed Won,2025-05-27,1,none,,,https://lawbusinessresearch.my.salesforce.com/006Px00000LlNV7IAN
SHOULD_BE_BLANK,006Px00000LlNV8IAN,001850714990-GROSSMAN ROTH PA-2025 LRL,"Grossman Roth, P.A.",Closed Won,2025-05-27,1,none,,,https://lawbusinessresearch.my.salesforce.com/006Px00000LlNV8IAN
SHOULD_BE_BLANK,006Px00000LlNV9IAN,001850708879-JASPAN SCHLESINGER NARENDRAN-2025 LAW,Jaspan Schlesinger Narendran LLP,Closed Won,2025-09-24,1,none,,,https://lawbusinessresearch.my.salesforce.com/006Px00000LlNV9IAN
SHOULD_BE_BLANK,006Px00000LlNVAIA3,001850715829-JASPAN SCHLESONGER NARENDRAN-2025 LRL,Jaspan Schlesinger Narendran LLP,Closed Won,2025-09-24,1,none,,,https://lawbusinessresearch.my.salesforce.com/006Px00000LlNVAIA3
SHOULD_BE_BLANK,006Px00000LlNVBIA3,001850708972-KINNEY LISOVICZ REILLY WOLFF-2025 LAW,Kinney Lisovicz Reilly & Wolff Pc,Closed Won,2025-05-14,1,none,,,https://lawbusinessresearch.my.salesforce.com/006Px00000LlNVBIA3
SHOULD_BE_BLANK,006Px00000LlNVCIA3,001850714407-KINNEY LISOVICZ REILLY WOLFF-2025 LRL,Kinney Lisovicz Reilly & Wolff Pc,Closed Won,2025-05-14,1,none,,,https://lawbusinessresearch.my.salesforce.com/006Px00000LlNVCIA3
SHOULD_BE_BLANK,006Px00000LlNVDIA3,001850710708-LANDMANN CORSI BLALLINE FORD-2025 LAW,Landman Corsi Ballaine & Ford Pc,Closed Won,2025-10-17,1,none,,,https://lawbusinessresearch.my.salesforce.com/006Px00000LlNVDIA3
SHOULD_BE_BLANK,006Px00000LlNVEIA3,001850710709-LANDMANN CORSI BLALLINE FORD-2025 LRL,Landman Corsi Ballaine & Ford Pc,Closed Won,2025-10-17,1,none,,,https://lawbusinessresearch.my.salesforce.com/006Px00000LlNVEIA3
SHOULD_BE_BLANK,006Px00000LlNVFIA3,001850710710-LANDMANN CORSI BLALLINE FORD-2025 VSC,Landman Corsi Ballaine & Ford Pc,Closed Won,2025-10-17,1,none,,,https://lawbusinessresearch.my.salesforce.com/006Px00000LlNVFIA3
SHOULD_BE_BLANK,006Px00000LlNVJIA3,001850707629-AVANCE PARTNER SEARCH-2025 LAW,Avance Partner Search,Closed Won,2025-04-11,3,none,,,https://lawbusinessresearch.my.salesforce.com/006Px00000LlNVJIA3
SHOULD_BE_BLANK,006Px00000LlNVKIA3,001850539738-PRACTISING LAW INSTITUTE-2025 LWK-GBP,Practising Law Institute,Closed Won,2025-07-31,3,none,,,https://lawbusinessresearch.my.salesforce.com/006Px00000LlNVKIA3
SHOULD_BE_BLANK,006Px00000LlNVsIAN,1850715396-YANKWITT-2025 LAW,Yankwitt LLP,Closed Won,2025-08-12,1,none,,,https://lawbusinessresearch.my.salesforce.com/006Px00000LlNVsIAN
SHOULD_BE_BLANK,006Px00000LlNVzIAN,1850715954-RAYNES LAWN-2025 LAW,Raynes & Lawn,Closed Won,2025-09-30,1,none,,,https://lawbusinessresearch.my.salesforce.com/006Px00000LlNVzIAN
SHOULD_BE_BLANK,006Px00000LlNW6IAN,1850715290-YANKWITT-2025 LRL,Yankwitt LLP,Closed Won,2025-08-12,1,none,,,https://lawbusinessresearch.my.salesforce.com/006Px00000LlNW6IAN
SHOULD_BE_BLANK,006Px00000LlNWCIA3,1850715956-RAYNES LAWN-2025 VSC,Raynes & Lawn,Closed Won,2025-09-30,1,none,,,https://lawbusinessresearch.my.salesforce.com/006Px00000LlNWCIA3
SHOULD_BE_BLANK,006Px00000LlNYBIA3,1850715397-YANKWITT-2025 VSC,Yankwitt LLP,Closed Won,2025-08-12,1,none,,,https://lawbusinessresearch.my.salesforce.com/006Px00000LlNYBIA3
SHOULD_BE_BLANK,006Px00000LlNYMIA3,1850713897  AVANCE PARTNER SEARCH- 2025 LDCI -,Avance Partner Search,Closed Won,2025-04-11,3,none,,,https://lawbusinessresearch.my.salesforce.com/006Px00000LlNYMIA3
SHOULD_BE_BLANK,006Px00000LlNYuIAN,001850344806-Jaspan Schlesinger-2025 NYL,Jaspan Schlesinger Narendran LLP,Closed Won,2025-09-24,1,none,,,https://lawbusinessresearch.my.salesforce.com/006Px00000LlNYuIAN
SHOULD_BE_BLANK,006Px00000LlNZkIAN,1850378434-PRACTISING LAW INSTITUTE-2025 LAW,Practising Law Institute,Closed Won,2025-07-31,3,none,,,https://lawbusinessresearch.my.salesforce.com/006Px00000LlNZkIAN
SHOULD_BE_BLANK,006Px00000LlNbNIAV,New Indiana University NewsVault-NJU,Indiana University,Closed Won,2025-08-08,1,none,,,https://lawbusinessresearch.my.salesforce.com/006Px00000LlNbNIAV
SHOULD_BE_BLANK,006Px00000LlNbPIAV,New University of Chicago State Courts-NJU,D'Angelo Law Library - University Of Chicago,Closed Won,2025-08-25,1,none,,,https://lawbusinessresearch.my.salesforce.com/006Px00000LlNbPIAV
SHOULD_BE_BLANK,006Px00000LlNbrIAF,161NEW-UNIVERSITY OF MICHIGAN LAW SCHOOL-2025 VSCOM,University Of Michigan,Closed Won,2025-05-15,1,none,,,https://lawbusinessresearch.my.salesforce.com/006Px00000LlNbrIAF
SHOULD_BE_BLANK,006Px00000LlNc9IAF,1850691466-DANGELO LAW LIB UNIV CHICAGO-2025 LGC,D'Angelo Law Library - University Of Chicago,Closed Won,2025-08-25,1,none,,,https://lawbusinessresearch.my.salesforce.com/006Px00000LlNc9IAF
SHOULD_BE_BLANK,006Px00000LlNcBIAV,1850373629-DUKE UNIVERSITY-2025 LAW,Duke University School Of Law,Closed Won,2025-11-06,1,none,,,https://lawbusinessresearch.my.salesforce.com/006Px00000LlNcBIAV
SHOULD_BE_BLANK,006Px00000LlNcGIAV,1850369885-GEORGETOWN LAW LIBRARY-2025 LAW,Georgetown Univ Law Lib,Closed Won,2025-07-06,1,none,,,https://lawbusinessresearch.my.salesforce.com/006Px00000LlNcGIAV
SHOULD_BE_BLANK,006Px00000LlNcHIAV,1850691749-GEORGETOWN LAW LIBRARY-2025 LGC,Georgetown Univ Law Lib,Closed Won,2025-07-06,1,none,,,https://lawbusinessresearch.my.salesforce.com/006Px00000LlNcHIAV
SHOULD_BE_BLANK,006Px00000LlNcMIAV,1850378366-INDIANA UNIV MAURER SCH OF LAW-2025 LAW,Indiana University,Closed Won,2025-08-08,1,none,,,https://lawbusinessresearch.my.salesforce.com/006Px00000LlNcMIAV
SHOULD_BE_BLANK,006Px00000LlNcNIAV,1850692852-JAMES E ROGERS SCHOOL-2025 LWK,University Of Arizona College Of Law,Closed Won,2025-05-13,3,none,,,https://lawbusinessresearch.my.salesforce.com/006Px00000LlNcNIAV
SHOULD_BE_BLANK,006Px00000LlNcOIAV,1850692850-JAMES ROGERS SCHOOL-2025 LAW,University Of Arizona College Of Law,Closed Won,2025-05-13,3,none,,,https://lawbusinessresearch.my.salesforce.com/006Px00000LlNcOIAV
SHOULD_BE_BLANK,006Px00000LlNcWIAV,1850691691-OHIO STATE UNIVERSITY-2025 LGC,Ohio State University,Closed Won,2025-09-03,1,none,,,https://lawbusinessresearch.my.salesforce.com/006Px00000LlNcWIAV
SHOULD_BE_BLANK,006Px00000LlNcXIAV,1850369664-OHIO STATE UNIVERSITY-2025 LAW,Ohio State University,Closed Won,2025-09-03,1,none,,,https://lawbusinessresearch.my.salesforce.com/006Px00000LlNcXIAV
SHOULD_BE_BLANK,006Px00000LlNcdIAF,1850372016-SMU LAW LIBRARY-2025 LAW,Smu Law Library,Closed Won,2025-04-24,3,none,,,https://lawbusinessresearch.my.salesforce.com/006Px00000LlNcdIAF
SHOULD_BE_BLANK,006Px00000LlNcgIAF,1850373336-SYRACUSE UNIV COLLEGE OF LAW-2025 LAW,Syracuse University College Of Law,Closed Won,2025-10-06,1,none,,,https://lawbusinessresearch.my.salesforce.com/006Px00000LlNcgIAF
SHOULD_BE_BLANK,006Px00000LlNcjIAF,1850714601-TEMPLE UNIV HEALTH SYSTEM-2025 LRC,Temple University Health Systems,Closed Won,2025-08-20,1,none,,,https://lawbusinessresearch.my.salesforce.com/006Px00000LlNcjIAF
SHOULD_BE_BLANK,006Px00000LlNckIAF,1850714600-TEMPLE UNIV HEALTH SYSTEMS-2025 LAW,Temple University Health Systems,Closed Won,2025-08-20,1,none,,,https://lawbusinessresearch.my.salesforce.com/006Px00000LlNckIAF
SHOULD_BE_BLANK,006Px00000LlNcpIAF,1850713898-UNIV OF MICHIGAN LAW LIBRARY-2025 LWK,University Of Michigan,Closed Won,2025-05-15,1,none,,,https://lawbusinessresearch.my.salesforce.com/006Px00000LlNcpIAF
SHOULD_BE_BLANK,006Px00000LlNcqIAF,1850691536-UNIV OF MICHIGAN LAW SCHOOL-2025 LGC,University Of Michigan,Closed Won,2025-05-15,1,none,,,https://lawbusinessresearch.my.salesforce.com/006Px00000LlNcqIAF
SHOULD_BE_BLANK,006Px00000LlNcuIAF,1850369881-UNIVERSITY OF CHICAGO-2025 LAW,D'Angelo Law Library - University Of Chicago,Closed Won,2025-08-25,1,none,,,https://lawbusinessresearch.my.salesforce.com/006Px00000LlNcuIAF
SHOULD_BE_BLANK,006Px00000LlNd1IAF,1850378055-UNIVERSITY OF MICHIGAN-2025 LAW,University Of Michigan,Closed Won,2025-05-15,1,none,,,https://lawbusinessresearch.my.salesforce.com/006Px00000LlNd1IAF
SHOULD_BE_BLANK,006Px00000LlNfTIAV,1656669-THE PERECMAN FIRM PLLC-2025 VSCOM,The Perecman Firm PLLC,Closed Won,2025-05-13,2,none,,,https://lawbusinessresearch.my.salesforce.com/006Px00000LlNfTIAV
SHOULD_BE_BLANK,006Px00000LlNfyIAF,1850708357-PERECMAN-2025 LAW,The Perecman Firm PLLC,Closed Won,2025-05-13,2,none,,,https://lawbusinessresearch.my.salesforce.com/006Px00000LlNfyIAF
SHOULD_BE_BLANK,006Px00000LlNg5IAF,1850377099-FAIRFAX ASSOCIATES-2025 LAW,Fairfax Associates,Closed Won,2025-04-28,3,none,,,https://lawbusinessresearch.my.salesforce.com/006Px00000LlNg5IAF
SHOULD_BE_BLANK,006Px00000LlNgBIAV,1850715693-BOUND PARTNERS-2025 LAW,Bound Partners,Closed Won,2025-09-12,3,none,,,https://lawbusinessresearch.my.salesforce.com/006Px00000LlNgBIAV
SHOULD_BE_BLANK,006Px00000LlNgHIAV,1850405265-BENNETT JONES-2025 LWK,Bennett Jones LLP,Closed Won,2025-04-18,3,none,,,https://lawbusinessresearch.my.salesforce.com/006Px00000LlNgHIAV
SHOULD_BE_BLANK,006Px00000LlNgIIAV,1850707853-BENNETT JONES-2025 TAL,Bennett Jones LLP,Closed Won,2025-04-18,3,none,,,https://lawbusinessresearch.my.salesforce.com/006Px00000LlNgIIAV
SHOULD_BE_BLANK,006Px00000LlNgOIAV,1850649432-BOWMANS-2025 TAL,Bowman Gilfillan,Closed Won,2025-06-30,3,none,,,https://lawbusinessresearch.my.salesforce.com/006Px00000LlNgOIAV
SHOULD_BE_BLANK,006Px00000LlNgPIAV,1850709762-BOWMAN GILFILLAN-2025 LWK,Bowman Gilfillan,Closed Won,2025-06-30,3,none,,,https://lawbusinessresearch.my.salesforce.com/006Px00000LlNgPIAV
SHOULD_BE_BLANK,006Px00000LlNhSIAV,(NEW) Research Suite - Dechert,Dechert LLP,Closed Won,2025-12-09,1,none,,,https://lawbusinessresearch.my.salesforce.com/006Px00000LlNhSIAV
SHOULD_BE_BLANK,006Px00000LlNhnIAF,1800429855-HENGELER MUELLER-2025 NAG Renewal,Hengeler Mueller,Closed Won,2025-10-10,3,none,,,https://lawbusinessresearch.my.salesforce.com/006Px00000LlNhnIAF
SHOULD_BE_BLANK,006Px00000LlNkHIAV,NEW-ARTHUR COX UNLIMITED COMPANY-2025 LAW-GBP,Arthur Cox Unlimited Company,Closed Won,2025-08-29,3,none,,,https://lawbusinessresearch.my.salesforce.com/006Px00000LlNkHIAV
SHOULD_BE_BLANK,006Px00000LlNqiIAF,1850700530-KREINDLER KREINDLER-2025 LAW(G),Kreindler & Kreindler LLP,Closed Won,2025-05-29,1,none,,,https://lawbusinessresearch.my.salesforce.com/006Px00000LlNqiIAF
SHOULD_BE_BLANK,006Px00000M8auWIAR,1850325735-HOFMANN SCHWEITZER-2025 NYL,Hofmann & Schweitzer,Closed Won,2025-12-16,1,none,,,https://lawbusinessresearch.my.salesforce.com/006Px00000M8auWIAR
WRONG_CODE,006Px00000LjRsqIAF,AlixPartners,Alixpartners Ltd,Closed Won,2025-04-24,3,1,18000.00,7000.00,https://lawbusinessresearch.my.salesforce.com/006Px00000LjRsqIAF
WRONG_CODE,006Px00000LjSp7IAF,GE Aerospace - Law.com + Law.com International,Ge Aerospace,Closed Won,2025-03-20,2,1,14000.00,5950.00,https://lawbusinessresearch.my.salesforce.com/006Px00000LjSp7IAF
WRONG_CODE,006Px00000LjTETIA3,LHH_Law.com,Lhh Recruitment Solutions,Closed Won,2025-10-15,3,1,12500.00,2500.00,https://lawbusinessresearch.my.salesforce.com/006Px00000LjTETIA3
WRONG_CODE,006Px00000LjTNJIA3,Blue Pool Capital - LDC and LDCI,Blue Pool Capital Limited,Closed Won,2025-04-10,2,1,5500.00,2000.00,https://lawbusinessresearch.my.salesforce.com/006Px00000LjTNJIA3
WRONG_CODE,006Px00000LjTPsIAN,IBM - Law.com and Law.com International,Ibm Corp,Closed Won,2025-04-23,3,1,128345.00,35500.00,https://lawbusinessresearch.my.salesforce.com/006Px00000LjTPsIAN
WRONG_CODE,006Px00000LjUXfIAN,LexMundi_LDC,Lex Mundi,Closed Won,2025-08-27,3,1,10000.00,2000.00,https://lawbusinessresearch.my.salesforce.com/006Px00000LjUXfIAN
WRONG_CODE,006Px00000LjaTWIAZ,001850700400-GENENTECH-2025 GLB,Genentech Inc,Closed Won,2025-05-16,3,1,12800.00,3200.00,https://lawbusinessresearch.my.salesforce.com/006Px00000LjaTWIAZ
WRONG_CODE,006Px00000LjaTfIAJ,001850710875-LOEWS CORPORATION-2025 GLB,Loews Corporation,Closed Won,2025-10-09,3,1,6000.00,2000.00,https://lawbusinessresearch.my.salesforce.com/006Px00000LjaTfIAJ
WRONG_CODE,006Px00000LjairIAB,001800441750-INFOSYS LIMITED-2025 BUNDLE,Infosys Limited,Closed Won,2025-09-18,3,1,11500.00,3500.00,https://lawbusinessresearch.my.salesforce.com/006Px00000LjairIAB
WRONG_CODE,006Px00000LjaisIAB,001800441228-PROSEK-2025 BUNDLE,Prosek,Closed Won,2025-04-18,3,1,4600.00,1609.55,https://lawbusinessresearch.my.salesforce.com/006Px00000LjaisIAB
WRONG_CODE,006Px00000LjaitIAB,001800441222-SWISS RE INSURANCE COMPANY LTD-2025 BUNDLE,Swiss Re Insurance 1,Closed Won,2025-04-23,3,1,6500.00,2765.00,https://lawbusinessresearch.my.salesforce.com/006Px00000LjaitIAB
WRONG_CODE,006Px00000LjaiuIAB,001800440798-GSK HEALTHCARE-2025 BUNDLE-GBP,Gsk Consumer Healthcare,Closed Won,2025-03-13,2,1,11000.00,5500.00,https://lawbusinessresearch.my.salesforce.com/006Px00000LjaiuIAB
WRONG_CODE,006Px00000LjaivIAB,001800440759-BIGHAND-2025 BUNDLE,Bighand,Closed Won,2025-05-29,3,1,13200.00,5000.00,https://lawbusinessresearch.my.salesforce.com/006Px00000LjaivIAB
WRONG_CODE,006Px00000LjaiwIAB,001800440716-KYNDRYL-2025 BUNDLE,Kyndryl,Closed Won,2025-03-31,2,1,14500.00,8000.00,https://lawbusinessresearch.my.salesforce.com/006Px00000LjaiwIAB
WRONG_CODE,006Px00000LjaixIAB,001800440533-ACCENTURE-2025 BUNDLE13885,Accenture,Closed Won,2025-04-08,3,1,22000.00,11000.00,https://lawbusinessresearch.my.salesforce.com/006Px00000LjaixIAB
WRONG_CODE,006Px00000LjaiyIAB,001800440171-KPMG-2025 BUNDLE,Kpmg (Us) LLP,Closed Won,2025-04-18,3,1,35250.00,13000.00,https://lawbusinessresearch.my.salesforce.com/006Px00000LjaiyIAB
WRONG_CODE,006Px00000LkSheIAF,001800443001-PEREIRA SEARCH-2025 CORP BUNDLE-GBP,Pereira Search Ltd,Closed Won,2026-01-14,3,1,3000.00,950.00,https://lawbusinessresearch.my.salesforce.com/006Px00000LkSheIAF
WRONG_CODE,006Px00000LkStmIAF,1850717125-BLAQWELL-2026 LAW,"Blaqwell, Inc.",Closed Won,2026-01-05,3,1,3995.00,0.00,https://lawbusinessresearch.my.salesforce.com/006Px00000LkStmIAF
WRONG_CODE,006Px00000LkSttIAF,1850697895-CITI PRIVATE BANK-2026 LAW,Citi Law Firm Group,Closed Won,2026-01-07,3,1,59000.00,13000.00,https://lawbusinessresearch.my.salesforce.com/006Px00000LkSttIAF
WRONG_CODE,006Px00000LkT6NIAV,1850716801-LEGANCE AVVOCATI ASSOCIATI-2025 TAL + LWK,Legance - Avvocati Associati,Closed Won,2025-12-11,1,3,0,5450.00,https://lawbusinessresearch.my.salesforce.com/006Px00000LkT6NIAV
WRONG_CODE,006Px00000LkT9BIAV,1800443782-HOMBURGER AG-2026 CORP BUND-GBP,Homburger AG,Closed Won,2026-01-27,3,1,4000.00,1250.00,https://lawbusinessresearch.my.salesforce.com/006Px00000LkT9BIAV
WRONG_CODE,006Px00000LkihuIAB,(NEW)-KING & WOOD MALLESONS-2024 LAW LDCI,Mallesons,Closed Won,2024-10-22,3,1,8350.00,5500.00,https://lawbusinessresearch.my.salesforce.com/006Px00000LkihuIAB
WRONG_CODE,006Px00000Ll2atIAB,1850715199-BRUNSWICK GROUP-2025 LAW,Brunswick Group Advisory Ltd,Closed Won,2025-06-30,3,1,14851.00,10999.00,https://lawbusinessresearch.my.salesforce.com/006Px00000Ll2atIAB
WRONG_CODE,006Px00000Ll2avIAB,001800427265-EPSTEIN BECKER GREEN-2025 NAG RENEWAL,"Epstein Becker & Green, P.C.",Closed Won,2025-06-24,3,1,207545.00,16389.00,https://lawbusinessresearch.my.salesforce.com/006Px00000Ll2avIAB
WRONG_CODE,006Px00000Ll2awIAB,1850715453-OLANIWUN AJAYI-2025 LAW,Olaniwun Ajayi Lp,Closed Won,2025-10-31,3,1,7095.00,3700.00,https://lawbusinessresearch.my.salesforce.com/006Px00000Ll2awIAB
WRONG_CODE,006Px00000Ll2bKIAR,SU - OneTrust - Law.com,Ot Technology Inc,Closed Won,2025-05-09,3,1,15000.00,3750.00,https://lawbusinessresearch.my.salesforce.com/006Px00000Ll2bKIAR
WRONG_CODE,006Px00000LlGfiIAF,001800441844-FTI CONSULTING-2025 BUNDLE,"FTI Consulting, Inc",Closed Won,2025-09-29,3,1,25142.40,19176.00,https://lawbusinessresearch.my.salesforce.com/006Px00000LlGfiIAF
WRONG_CODE,006Px00000LlGfnIAF,001800442778-BROADCOM INC-2025 CORP BUNDLE,Broadcom - Use This One,Closed Won,2025-08-11,3,1,11000.00,4000.00,https://lawbusinessresearch.my.salesforce.com/006Px00000LlGfnIAF
WRONG_CODE,006Px00000LlGfxIAF,1800444026-AMERICAN EXPRESS-2026 CORP BUND,American Express Company,Closed Won,2026-02-10,3,1,16000.00,7980.00,https://lawbusinessresearch.my.salesforce.com/006Px00000LlGfxIAF
WRONG_CODE,006Px00000LlNOZIA3,1800441165-MORI HAMADA MATSUMOTO-2025 NAG Renewal,Mori Hamada & Matsumoto,Closed Won,2025-06-30,3,1,52885.80,35257.20,https://lawbusinessresearch.my.salesforce.com/006Px00000LlNOZIA3
WRONG_CODE,006Px00000LlNOuIAN,1850714066-DAVIES WARD PHILIPS VINEBERG-2025 LAW,Davies Ward Phillips & Vineberg LLP,Closed Won,2025-05-22,3,1,10593.75,7062.50,https://lawbusinessresearch.my.salesforce.com/006Px00000LlNOuIAN
WRONG_CODE,006Px00000LlNTJIA3,NEW- McKinsey & Co- 2025 LAWM LWKM,"McKinsey & Company, Inc.",Closed Won,2025-05-20,3,1,38000.00,7500.00,https://lawbusinessresearch.my.salesforce.com/006Px00000LlNTJIA3
WRONG_CODE,006Px00000LlNZWIA3,New-CenterPeak,Centerpeak,Closed Won,2025-03-13,3,1,10000.00,1250.00,https://lawbusinessresearch.my.salesforce.com/006Px00000LlNZWIA3
WRONG_CODE,006Px00000LlNh6IAF,001800423717-GOWLING WLG CANADA LLP-2025 NAG - 2,Gowling WLG (Canada) LLP,Closed Won,2025-12-22,3,1,22669.00,8501.00,https://lawbusinessresearch.my.salesforce.com/006Px00000LlNh6IAF
WRONG_CODE,006Px00000LlNhLIAV,New- Kim & Chang- LDCI + LDC,Kim & Chang,Closed Won,2025-04-29,3,1,12000.00,5000.00,https://lawbusinessresearch.my.salesforce.com/006Px00000LlNhLIAV
WRONG_CODE,006Px00000LlNhNIAV,NEW - Simmons & Simmons - Law.com and International 2025,Simmons & Simmons LLP,Closed Won,2025-05-13,3,1,11000.00,7500.00,https://lawbusinessresearch.my.salesforce.com/006Px00000LlNhNIAV
WRONG_CODE,006Px00000LlNhcIAF,1800437261-BORDEN LADNER GERVAIS-2025 NAG Renewal,Borden Ladner Gervais,Closed Won,2025-06-16,3,1,18563.00,6077.00,https://lawbusinessresearch.my.salesforce.com/006Px00000LlNhcIAF
WRONG_CODE,006Px00000LlNjeIAF,NEW - WILLIAMS LEA - 2025 Law.com and International,Williams Lea,Closed Won,2025-09-02,3,1,30000.00,11000.00,https://lawbusinessresearch.my.salesforce.com/006Px00000LlNjeIAF
WRONG_CODE,006Px00000LlNl2IAF,1800442520-KING WOOD MALLESONS-2025 NAG Renewal,Mallesons,Closed Won,2025-10-28,3,1,9602.50,6325.00,https://lawbusinessresearch.my.salesforce.com/006Px00000LlNl2IAF
WRONG_CODE,006Px00000LlNl4IAF,1800442507-LIEFF CABRASER HEIMANN BERNSTE-2025 NAG Renewal,"Lieff Cabraser Heimann & Bernstein, LLP",Closed Won,2025-10-29,3,1,33400.00,320.00,https://lawbusinessresearch.my.salesforce.com/006Px00000LlNl4IAF
WRONG_CODE,006Px00000LlNn7IAF,NEW - Broadfield Law (UK/HK) - Law.com and International 2025,Broadfield Law UK LLP,Closed Won,2025-05-08,3,1,15000.00,10000.00,https://lawbusinessresearch.my.salesforce.com/006Px00000LlNn7IAF
WRONG_CODE,006Px00000LlNnCIAV,NEW - Loyens & Loeff - LDC and LDCI 2025,Loyens & Loeff Nv,Closed Won,2025-10-10,3,1,45850.00,33000.00,https://lawbusinessresearch.my.salesforce.com/006Px00000LlNnCIAV
WRONG_CODE,006Px00000LlNpyIAF,1800345437-MILBANK-2025 NAG Renewal,Milbank LLP,Closed Won,2025-10-22,3,1,365011.82,105688.59,https://lawbusinessresearch.my.salesforce.com/006Px00000LlNpyIAF
WRONG_CODE,006Px00000LlNq1IAF,1800441354-OSLER HOSKIN HARTCOURT-2025 NAG Renewal,Osler Hoskin & Harcourt LLP,Closed Won,2025-07-24,3,1,20800.00,10400.00,https://lawbusinessresearch.my.salesforce.com/006Px00000LlNq1IAF
WRONG_CODE,006Px00000MKTijIAH,AGRD Partners_LDCI,AGRD Partners Group AB,Closed Won,2025-12-18,3,1,16500.00,7500.00,https://lawbusinessresearch.my.salesforce.com/006Px00000MKTijIAH
WRONG_CODE,006Px00000N8AxpIAF,Law.com - Keller Rohrback,Keller Rohrback L.L.P.,Closed Won,2026-01-23,3,1,66000.00,0,https://lawbusinessresearch.my.salesforce.com/006Px00000N8AxpIAF
WRONG_CODE,006Px00000ONuYLIA1,SU - Chubb - Law.com,Chubb Group,Closed Won,2026-02-27,3,1,4888.89,4888.89,https://lawbusinessresearch.my.salesforce.com/006Px00000ONuYLIA1
